session_date,open,high,low,close,volume,bar_count
2020-01-01,3237.0,3261.75,3234.25,3261.5,1360588,1363
2020-01-02,3261.0,3263.5,3206.75,3235.5,1682453,1365
2020-01-05,3220.25,3249.5,3208.75,3242.75,1460300,1365
2020-01-06,3243.5,3254.5,3226.0,3233.0,1228094,1365
2020-01-07,3231.75,3267.75,3181.0,3259.75,2223039,1365
2020-01-08,3261.25,3276.75,3257.75,3275.25,1224853,1365
2020-01-09,3275.5,3287.0,3260.75,3263.5,1454446,1365
2020-01-12,3265.75,3291.0,3265.5,3289.0,960346,1365
2020-01-13,3289.25,3296.75,3275.25,3287.75,1638539,1365
2020-01-14,3287.75,3299.0,3277.75,3294.25,1416814,1364
2020-01-15,3294.25,3318.0,3294.0,3317.25,1297967,1364
2020-01-16,3316.75,3330.25,3316.0,3323.75,1211940,1363
2020-01-19,3325.0,3328.5,3318.5,3325.25,115614,1125
2020-01-20,3325.5,3329.75,3307.25,3320.25,1371053,1364
2020-01-21,3321.25,3337.5,3315.25,3317.25,1461314,1365
2020-01-22,3317.25,3327.0,3301.25,3326.0,1662351,1365
2020-01-23,3326.5,3337.0,3280.5,3291.0,2430371,1359
2020-01-26,3269.75,3269.75,3233.0,3240.75,2510439,1365
2020-01-27,3239.5,3285.0,3238.75,3283.0,1836912,1365
2020-01-28,3281.75,3292.75,3265.25,3270.75,1621914,1364
2020-01-29,3271.5,3295.25,3239.75,3294.25,2371657,1365
2020-01-30,3292.0,3297.5,3212.75,3227.0,3053147,1365
2020-02-02,3222.75,3267.25,3222.0,3245.0,1870850,1365
2020-02-03,3244.25,3305.25,3236.0,3300.25,1651128,1365
2020-02-04,3300.25,3338.0,3288.25,3335.5,1993447,1365
2020-02-05,3337.0,3357.75,3332.5,3348.0,1431238,1365
2020-02-06,3349.0,3350.0,3320.75,3323.0,1635657,1363
2020-02-09,3322.25,3353.5,3303.5,3352.25,1345374,1365
2020-02-10,3351.0,3374.5,3349.25,3359.25,1451536,1365
2020-02-11,3360.5,3381.5,3355.5,3380.5,1188207,1364
2020-02-12,3381.25,3384.75,3348.5,3378.75,1732399,1365
2020-02-13,3379.5,3388.5,3365.25,3380.5,1278244,1365
2020-02-16,3382.25,3392.5,3382.0,3388.0,143127,1140
2020-02-17,3378.25,3379.0,3355.25,3370.75,1541738,1365
2020-02-18,3372.0,3393.75,3370.75,3388.25,1111329,1365
2020-02-19,3391.75,3397.5,3339.25,3367.5,2045598,1365
2020-02-20,3367.0,3369.25,3328.0,3338.25,2229592,1365
2020-02-23,3309.0,3312.0,3213.75,3227.0,3493885,1365
2020-02-24,3223.0,3259.5,3117.25,3138.5,4214396,1365
2020-02-25,3138.0,3182.0,3091.0,3100.0,3798070,1365
2020-02-26,3100.25,3117.0,2944.5,2949.25,4597413,1365
2020-02-27,2950.0,2980.5,2853.25,2894.0,2676109,1019
2020-03-01,2900.0,3093.25,2889.25,3071.75,3510978,1365
2020-03-02,3077.0,3137.0,2973.0,2989.5,3590191,1365
2020-03-03,2988.25,3129.5,2976.5,3110.75,2440170,1365
2020-03-04,3109.25,3113.75,2996.5,3022.5,2611752,1365
2020-03-05,3024.25,3037.0,2898.0,2963.75,2969636,1365
2020-03-07,2819.0,2836.75,2715.0,2733.5,2177072,756
2020-03-08,2916.0,2916.0,2819.0,2819.0,290277,404
2020-03-09,2733.0,2884.75,2695.25,2876.75,3226336,1365
2020-03-10,2859.5,2869.5,2702.75,2741.0,2756202,1365
2020-03-11,2738.0,2774.0,2442.5,2449.75,3661403,1341
2020-03-12,2429.5,2707.75,2393.5,2664.75,2234139,1347
2020-03-15,2673.75,2675.0,2360.25,2410.5,1118309,759
2020-03-16,2417.25,2554.5,2365.0,2485.75,798405,1319
2020-03-17,2478.5,2498.0,2262.0,2405.75,2635306,1057
2020-03-18,2402.5,2460.0,2275.0,2355.0,2743292,1365
2020-03-19,2351.0,2499.0,2260.0,2266.5,2888062,1365
2020-03-22,2220.25,2386.0,2174.0,2217.25,2985237,1345
2020-03-23,2233.25,2447.75,2230.5,2442.5,2504332,1342
2020-03-24,2442.75,2560.75,2386.0,2467.25,2923668,1365
2020-03-25,2471.0,2625.75,2402.25,2619.25,2329630,1365
2020-03-26,2627.75,2634.5,2505.25,2520.0,2150667,1365
2020-03-29,2459.0,2621.75,2445.0,2613.25,1771215,1367
2020-03-30,2613.75,2635.75,2555.75,2562.0,2127524,1367
2020-03-31,2562.25,2562.25,2434.25,2459.0,1977262,1367
2020-04-01,2459.25,2525.0,2424.75,2516.25,2076041,1366
2020-04-02,2513.75,2529.5,2449.0,2480.25,1699973,1365
2020-04-05,2485.0,2668.5,2484.75,2647.5,1930912,1365
2020-04-06,2645.5,2750.0,2623.5,2637.25,2434510,1365
2020-04-07,2640.5,2752.5,2620.75,2739.5,1860429,1365
2020-04-08,2737.75,2809.5,2701.0,2787.0,2290931,1365
2020-04-12,2811.0,2819.5,2711.0,2760.25,1532645,1365
2020-04-13,2760.0,2846.0,2752.5,2844.5,1642552,1365
2020-04-14,2843.75,2845.5,2751.25,2768.75,1772913,1365
2020-04-15,2767.75,2831.5,2746.0,2829.75,1706290,1365
2020-04-16,2863.0,2885.0,2821.0,2869.0,1829673,1365
2020-04-19,2861.5,2875.5,2804.25,2811.5,1521551,1365
2020-04-20,2807.0,2833.25,2717.25,2733.25,1923286,1365
2020-04-21,2737.25,2808.0,2717.25,2790.0,1337145,1365
2020-04-22,2790.5,2836.75,2772.75,2781.75,1682113,1365
2020-04-23,2777.0,2835.0,2755.25,2828.0,1252258,1365
2020-04-26,2829.0,2881.25,2812.75,2867.0,1184613,1365
2020-04-27,2867.75,2913.5,2851.0,2860.5,1589377,1365
2020-04-28,2870.5,2959.75,2860.75,2958.5,1679881,1365
2020-04-29,2956.5,2965.0,2878.0,2882.5,1938142,1365
2020-04-30,2871.5,2879.75,2811.75,2817.0,1585740,1365
2020-05-03,2789.0,2835.75,2771.0,2827.5,1467490,1365
2020-05-04,2827.0,2889.75,2824.5,2859.75,1446670,1365
2020-05-05,2857.75,2886.25,2832.0,2834.0,1430369,1365
2020-05-06,2832.0,2895.0,2823.0,2882.75,1464261,1365
2020-05-07,2882.0,2933.0,2879.75,2930.5,1274569,1365
2020-05-10,2920.75,2947.0,2889.75,2919.0,1489148,1365
2020-05-11,2919.25,2939.25,2838.0,2839.25,1784186,1365
2020-05-12,2839.75,2876.75,2786.0,2819.0,2518082,1365
2020-05-13,2820.25,2853.75,2760.25,2848.0,2451287,1365
2020-05-14,2846.25,2863.5,2809.5,2854.75,1838207,1365
2020-05-17,2859.75,2964.75,2850.0,2944.5,1716154,1365
2020-05-18,2945.0,2976.25,2914.25,2917.0,1529153,1365
2020-05-19,2913.5,2975.75,2908.5,2971.5,1494427,1365
2020-05-20,2972.25,2973.5,2933.0,2936.5,1580875,1365
2020-05-21,2936.75,2957.5,2903.75,2956.25,1340688,1365
2020-05-24,2948.5,2990.0,2947.5,2989.5,183510,1139
2020-05-25,2989.5,3019.75,2980.75,2995.0,1561609,1365
2020-05-26,2994.0,3039.5,2965.5,3037.0,2056744,1365
2020-05-27,3035.0,3065.5,3019.5,3037.25,1851182,1365
2020-05-28,3036.0,3058.25,2992.0,3057.25,2197083,1365
2020-05-31,3029.75,3059.0,3008.0,3053.5,1244291,1365
2020-06-01,3052.75,3079.0,3035.0,3078.0,1407302,1365
2020-06-02,3078.0,3129.5,3074.25,3117.75,1566341,1365
2020-06-03,3117.75,3126.75,3087.5,3113.75,1786685,1365
2020-06-04,3113.25,3210.5,3106.5,3185.25,2337604,1365
2020-06-07,3192.5,3231.25,3183.25,3226.75,1504248,1365
2020-06-08,3227.75,3231.0,3190.0,3205.25,1622888,1365
2020-06-09,3204.75,3227.25,3179.75,3184.0,1899775,1365
2020-06-10,3183.75,3188.5,2996.25,3013.75,3166101,1365
2020-06-11,3011.75,3087.75,2982.0,3035.75,2144934,1365
2020-06-14,2992.75,3079.25,2935.0,3076.5,1001898,1365
2020-06-15,3076.25,3167.75,3071.25,3126.5,649133,1365
2020-06-16,3122.0,3147.0,3094.5,3106.5,1471738,1365
2020-06-17,3104.0,3120.0,3064.5,3099.25,1438032,1365
2020-06-18,3096.75,3144.75,3056.75,3057.75,1886176,1365
2020-06-21,3040.25,3114.25,3027.25,3110.0,1358549,1365
2020-06-22,3111.75,3145.75,3060.0,3112.75,1511131,1365
2020-06-23,3113.25,3128.5,3019.75,3050.0,2344895,1365
2020-06-24,3046.75,3079.5,3005.0,3073.5,1933182,1365
2020-06-25,3071.25,3082.0,2992.5,3003.0,2147099,1365
2020-06-28,2986.25,3051.25,2983.5,3046.0,1550097,1365
2020-06-29,3046.0,3059.25,3030.25,3053.0,505941,971
2020-06-30,3081.75,3117.75,3062.75,3100.75,1475525,1245
2020-07-01,3101.75,3156.5,3095.5,3125.75,1512453,1365
2020-07-02,3125.25,3138.75,3105.75,3115.5,195857,1140
2020-07-05,3121.25,3174.5,3121.25,3168.5,1227980,1365
2020-07-06,3170.0,3184.0,3132.5,3135.5,1311325,1365
2020-07-07,3135.25,3166.25,3125.5,3165.0,1490822,1365
2020-07-08,3166.25,3170.75,3105.25,3141.75,1859667,1365
2020-07-09,3142.25,3181.25,3111.5,3179.5,1385742,1365
2020-07-12,3183.5,3226.25,3140.5,3148.5,2031416,1365
2020-07-13,3149.75,3192.25,3119.0,3184.0,2223646,1365
2020-07-14,3204.0,3233.25,3192.0,3221.25,1890008,1365
2020-07-15,3223.25,3228.5,3188.5,3196.75,1445807,1365
2020-07-16,3198.5,3225.25,3194.75,3213.75,1229818,1365
2020-07-19,3214.5,3250.5,3190.25,3243.75,1370191,1365
2020-07-20,3243.75,3273.25,3239.25,3249.75,1431158,1365
2020-07-21,3249.25,3271.75,3227.25,3266.75,1318797,1365
2020-07-22,3267.75,3284.5,3214.25,3229.5,1679778,1365
2020-07-23,3230.0,3239.0,3191.5,3203.5,1729904,1365
2020-07-26,3210.75,3235.0,3192.0,3234.5,1266652,1365
2020-07-27,3235.0,3246.75,3208.0,3213.0,1358477,1365
2020-07-28,3215.0,3257.0,3204.25,3256.25,1180942,1365
2020-07-29,3256.75,3269.0,3195.0,3267.75,1978311,1365
2020-07-30,3269.25,3273.75,3212.5,3269.5,2220674,1365
2020-08-02,3272.0,3295.5,3254.75,3289.25,1225315,1365
2020-08-03,3290.75,3300.5,3271.0,3299.25,1127012,1364
2020-08-04,3300.75,3323.25,3292.0,3317.75,1080349,1365
2020-08-05,3317.0,3345.5,3300.5,3344.0,1333232,1365
2020-08-06,3343.75,3347.75,3322.25,3347.25,1577659,1365
2020-08-09,3347.0,3357.25,3329.0,3352.5,1177527,1365
2020-08-10,3350.25,3379.0,3319.5,3336.25,1708391,1365
2020-08-11,3339.5,3382.5,3326.25,3369.0,1366474,1365
2020-08-12,3367.75,3382.0,3357.5,3369.5,1177337,1365
2020-08-13,3369.25,3380.5,3350.0,3363.75,1048627,1365
2020-08-16,3366.0,3382.75,3364.75,3379.25,732707,1364
2020-08-17,3379.25,3390.75,3365.25,3388.25,995449,1365
2020-08-18,3388.75,3395.75,3365.5,3369.0,1333939,1365
2020-08-19,3370.25,3387.0,3344.75,3383.25,1177780,1365
2020-08-20,3383.5,3396.25,3356.75,3391.5,1176884,1364
2020-08-23,3398.75,3429.5,3393.5,3426.75,1246978,1365
2020-08-24,3427.0,3448.75,3421.75,3444.5,1118689,1365
2020-08-25,3444.75,3483.5,3436.75,3480.0,1244696,1364
2020-08-26,3479.5,3498.25,3464.75,3487.75,1614963,1365
2020-08-27,3488.0,3509.5,3480.75,3506.75,1191713,1365
2020-08-30,3508.5,3524.5,3490.0,3494.0,1370116,1365
2020-08-31,3493.25,3530.0,3484.25,3529.5,1243104,1365
2020-09-01,3529.0,3587.0,3526.25,3577.25,1781031,1365
2020-09-02,3578.75,3586.5,3424.5,3462.5,2811141,1365
2020-09-03,3454.75,3484.25,3347.75,3415.0,2915662,1365
2020-09-06,3420.5,3438.5,3380.25,3433.0,258716,1140
2020-09-07,3432.5,3447.0,3327.5,3335.75,2370835,1365
2020-09-08,3315.25,3424.0,3295.5,3395.25,1916191,1365
2020-09-09,3396.0,3424.25,3327.25,3341.75,2030545,1365
2020-09-10,3345.25,3375.0,3308.75,3337.25,1109694,1365
2020-09-13,3350.0,3392.5,3345.5,3368.5,1289161,1365
2020-09-14,3369.75,3409.0,3366.25,3395.0,1285843,1365
2020-09-15,3395.75,3419.5,3373.75,3380.5,1466521,1365
2020-09-16,3381.5,3386.5,3310.25,3347.5,2477929,1365
2020-09-17,3345.0,3363.0,3280.75,3317.25,2275804,1365
2020-09-20,3314.5,3326.25,3217.75,3273.75,2452190,1365
2020-09-21,3271.5,3309.5,3256.5,3300.75,1541073,1365
2020-09-22,3303.75,3319.75,3221.0,3231.0,1939633,1365
2020-09-23,3228.0,3268.25,3198.0,3240.75,2244739,1365
2020-09-24,3243.5,3296.25,3206.5,3285.5,1641718,1365
2020-09-27,3291.0,3351.25,3287.5,3348.75,1471513,1365
2020-09-28,3348.75,3363.0,3316.5,3329.75,1304452,1365
2020-09-29,3330.0,3384.0,3291.25,3338.5,2105036,1365
2020-09-30,3344.75,3388.0,3343.25,3368.0,1482915,1365
2020-10-01,3367.0,3375.5,3300.25,3345.5,1980734,1365
2020-10-04,3360.0,3400.0,3346.5,3392.25,1054982,1365
2020-10-05,3392.0,3421.75,3330.5,3334.0,1671569,1365
2020-10-06,3338.0,3416.75,3332.25,3407.75,1359045,1365
2020-10-07,3406.25,3447.25,3405.5,3446.25,1070034,1365
2020-10-08,3447.25,3480.0,3445.25,3476.5,1147859,1365
2020-10-11,3467.5,3541.0,3464.25,3531.75,1351158,1365
2020-10-12,3534.0,3535.75,3491.5,3501.75,1593659,1365
2020-10-13,3502.0,3524.0,3472.0,3479.5,1511526,1364
2020-10-14,3479.25,3486.5,3431.5,3476.0,1619055,1365
2020-10-15,3478.5,3508.5,3461.25,3464.75,1342526,1365
2020-10-18,3471.0,3496.5,3410.75,3433.75,1612760,1365
2020-10-19,3436.0,3469.75,3418.75,3428.0,1682362,1365
2020-10-20,3437.0,3458.0,3420.5,3431.5,1653921,1365
2020-10-21,3430.25,3453.0,3402.5,3450.5,1480636,1365
2020-10-22,3455.75,3462.5,3431.5,3452.75,1180957,1365
2020-10-25,3445.75,3446.25,3356.0,3394.75,1922463,1364
2020-10-26,3394.25,3410.0,3368.25,3368.5,1536339,1365
2020-10-27,3369.0,3370.25,3260.75,3274.75,2561598,1364
2020-10-28,3279.0,3333.75,3250.25,3275.5,1925179,1365
2020-10-29,3268.0,3296.25,3225.0,3278.25,2419382,1365
2020-11-01,3260.0,3323.5,3243.25,3303.5,1811361,1365
2020-11-02,3304.0,3382.75,3301.25,3360.0,1638346,1365
2020-11-03,3362.75,3480.0,3319.0,3441.0,2748624,1365
2020-11-04,3448.0,3522.5,3428.25,3511.75,1635226,1365
2020-11-05,3508.75,3519.0,3456.75,3510.0,1558736,1365
2020-11-08,3522.5,3668.0,3515.75,3547.0,2530223,1365
2020-11-09,3549.5,3562.75,3506.5,3545.75,2127272,1365
2020-11-10,3546.25,3576.75,3531.0,3573.5,1294400,1365
2020-11-11,3574.5,3574.5,3513.0,3538.75,1656971,1365
2020-11-12,3537.5,3590.0,3518.0,3582.0,1285197,1365
2020-11-15,3587.0,3637.0,3586.5,3628.25,1258612,1365
2020-11-16,3625.5,3630.0,3584.25,3604.0,1240781,1365
2020-11-17,3604.5,3623.25,3556.5,3560.0,1270377,1365
2020-11-18,3562.0,3582.75,3542.25,3562.25,1239717,1365
2020-11-19,3560.0,3582.5,3542.75,3551.5,1128045,1365
2020-11-22,3546.5,3588.0,3545.5,3576.0,1155823,1365
2020-11-23,3576.0,3640.0,3575.25,3638.25,1238309,1365
2020-11-24,3635.5,3655.0,3615.25,3629.0,986727,1365
2020-11-25,3630.25,3638.75,3613.25,3617.75,111313,1137
2020-11-26,3620.5,3642.75,3612.75,3637.0,500779,1155
2020-11-29,3643.75,3652.0,3592.25,3632.5,1613789,1365
2020-11-30,3631.0,3677.5,3626.0,3660.0,1304094,1365
2020-12-01,3661.25,3672.75,3642.25,3670.25,1018592,1365
2020-12-02,3671.0,3682.0,3655.25,3667.5,1060065,1365
2020-12-03,3668.25,3700.0,3665.5,3690.25,928988,1365
2020-12-06,3694.75,3705.0,3672.25,3681.5,1010588,1365
2020-12-07,3682.75,3708.0,3664.25,3703.0,1047522,1365
2020-12-08,3707.75,3714.75,3659.5,3671.25,1677622,1365
2020-12-09,3669.5,3681.25,3644.0,3666.25,1280288,1365
2020-12-10,3670.0,3674.75,3628.25,3660.0,830134,1365
2020-12-13,3677.75,3691.5,3637.5,3644.5,1359659,1365
2020-12-14,3647.0,3688.5,3636.25,3686.75,1218011,1365
2020-12-15,3689.75,3704.5,3680.0,3693.75,1140794,1365
2020-12-16,3697.0,3717.5,3692.0,3714.5,1074633,1365
2020-12-17,3713.0,3723.0,3677.25,3716.5,1603104,1365
2020-12-20,3718.25,3724.0,3596.0,3684.25,1792686,1365
2020-12-21,3685.0,3695.0,3663.75,3674.75,1092750,1365
2020-12-22,3674.25,3701.75,3651.0,3685.0,993311,1365
2020-12-23,3685.25,3696.0,3678.5,3692.75,355134,1152
2020-12-27,3682.0,3732.25,3676.0,3729.5,731320,1365
2020-12-28,3731.0,3747.75,3714.5,3724.25,972132,1365
2020-12-29,3724.5,3738.25,3716.5,3724.75,738302,1365
2020-12-30,3725.0,3753.0,3715.0,3748.75,916954,1360
2021-01-03,3748.75,3773.25,3652.5,3696.0,1971311,1364
2021-01-04,3695.0,3730.0,3673.25,3717.5,1355935,1365
2021-01-05,3717.5,3774.75,3685.5,3749.25,2070917,1365
2021-01-06,3752.5,3804.0,3742.0,3796.0,1250099,1365
2021-01-07,3797.75,3824.5,3775.0,3822.0,1546345,1365
2021-01-10,3815.5,3820.75,3776.5,3791.75,1255317,1365
2021-01-11,3794.25,3806.75,3768.0,3792.5,1195416,1365
2021-01-12,3792.0,3813.5,3776.5,3805.75,1011647,1365
2021-01-13,3808.5,3817.75,3786.25,3789.75,1129703,1364
2021-01-14,3793.0,3797.75,3741.5,3746.25,1702087,1365
2021-01-17,3750.0,3769.0,3740.5,3768.5,152811,1140
2021-01-18,3769.25,3797.0,3767.75,3794.0,1106685,1365
2021-01-19,3796.75,3852.5,3788.5,3840.25,1198293,1365
2021-01-20,3841.5,3859.75,3836.5,3846.5,1028319,1364
2021-01-21,3846.75,3849.0,3813.25,3830.0,1138127,1365
2021-01-24,3835.5,3853.25,3788.5,3847.0,1723132,1365
2021-01-25,3845.0,3862.25,3821.5,3846.5,1155764,1365
2021-01-26,3845.25,3853.0,3706.5,3733.75,2503605,1365
2021-01-27,3735.25,3823.5,3703.5,3768.0,2086090,1365
2021-01-28,3770.25,3777.25,3685.5,3696.5,2610873,1365
2021-01-31,3692.25,3777.0,3656.5,3763.75,1633587,1365
2021-02-01,3764.75,3835.75,3760.0,3828.25,1381363,1365
2021-02-02,3829.5,3843.5,3807.75,3832.5,1240417,1365
2021-02-03,3832.75,3869.75,3811.25,3866.5,1107362,1365
2021-02-04,3864.25,3888.25,3860.0,3884.75,1077430,1365
2021-02-07,3889.0,3911.25,3885.5,3910.5,936971,1365
2021-02-08,3910.5,3913.25,3895.0,3910.75,861425,1365
2021-02-09,3912.25,3928.5,3878.25,3908.25,1529418,1365
2021-02-10,3907.0,3920.5,3884.5,3905.75,1265841,1365
2021-02-11,3905.25,3936.25,3890.25,3935.75,990661,1365
2021-02-14,3936.5,3952.0,3934.75,3950.5,129800,1138
2021-02-15,3950.75,3959.25,3918.75,3929.25,1287477,1365
2021-02-16,3929.0,3932.25,3896.5,3927.0,1356893,1365
2021-02-17,3928.25,3936.0,3880.5,3910.75,1497632,1365
2021-02-18,3910.5,3931.0,3890.25,3899.25,1371566,1365
2021-02-21,3905.5,3914.5,3861.25,3877.5,1474314,1365
2021-02-22,3878.0,3896.0,3804.75,3876.0,2225500,1365
2021-02-23,3876.25,3927.75,3851.75,3923.5,1886755,1365
2021-02-24,3923.5,3934.5,3810.25,3822.0,2812266,1365
2021-02-25,3823.25,3858.5,3785.0,3807.75,2884645,1365
2021-02-28,3817.25,3912.0,3812.5,3903.25,1628865,1365
2021-03-01,3903.25,3906.5,3865.5,3866.75,1598267,1365
2021-03-02,3867.5,3898.0,3813.0,3815.0,2143669,1365
2021-03-03,3818.0,3842.25,3720.5,3766.75,3127951,1365
2021-03-04,3765.5,3850.0,3728.5,3840.5,2845491,1365
2021-03-07,3854.75,3878.75,3796.25,3829.5,2139466,1365
2021-03-08,3831.25,3901.25,3826.25,3871.75,1627415,1365
2021-03-09,3878.5,3916.25,3856.25,3907.75,1727900,1365
2021-03-10,3907.75,3958.5,3893.0,3935.0,1222023,1365
2021-03-11,3937.5,3947.5,3910.25,3941.75,736295,1365
2021-03-13,3937.5,3960.25,3913.0,3956.75,990185,945
2021-03-14,3945.75,3953.5,3933.5,3937.5,48858,420
2021-03-15,3957.75,3970.75,3942.75,3957.5,1332389,1365
2021-03-16,3957.25,3973.5,3925.0,3961.25,1659086,1365
2021-03-17,3962.0,3978.5,3900.5,3910.5,1958390,1365
2021-03-18,3910.75,3923.5,3875.0,3896.75,1962759,1365
2021-03-21,3893.5,3944.5,3885.0,3932.75,1282725,1365
2021-03-22,3933.25,3938.75,3890.5,3903.75,1844330,1364
2021-03-23,3905.75,3931.5,3877.5,3882.75,2024635,1365
2021-03-24,3882.75,3909.5,3843.25,3907.25,2248752,1365
2021-03-25,3907.5,3968.0,3900.75,3962.25,1928958,1365
2021-03-28,3962.25,3971.25,3928.75,3963.0,1962943,1365
2021-03-29,3965.25,3968.5,3933.75,3949.5,1567307,1365
2021-03-30,3949.5,3983.75,3941.5,3966.25,1564245,1365
2021-03-31,3967.5,4015.25,3964.5,4014.25,1173354,1365
2021-04-01,4014.5,4038.0,4012.5,4027.25,64290,883
2021-04-04,4030.0,4073.75,4021.0,4070.25,1205646,1365
2021-04-05,4069.75,4076.0,4052.25,4066.5,1233029,1365
2021-04-06,4067.0,4075.5,4056.5,4075.25,1070978,1365
2021-04-07,4074.25,4098.5,4072.5,4098.0,964788,1365
2021-04-08,4098.0,4121.5,4081.0,4114.0,1034518,1365
2021-04-11,4114.25,4124.5,4104.5,4122.5,1044755,1364
2021-04-12,4122.75,4139.75,4101.25,4134.25,1040599,1365
2021-04-13,4134.75,4144.0,4113.0,4123.25,1493905,1365
2021-04-14,4123.5,4166.5,4119.5,4162.5,1238163,1365
2021-04-15,4162.75,4183.5,4154.25,4172.25,1242930,1363
2021-04-18,4165.0,4174.75,4141.75,4156.5,1584502,1365
2021-04-19,4156.25,4167.25,4110.5,4120.25,1663901,1365
2021-04-20,4121.25,4167.25,4113.0,4156.75,1476151,1365
2021-04-21,4157.5,4171.75,4115.25,4130.0,1923838,1365
2021-04-22,4129.0,4186.75,4127.5,4166.0,1459751,1365
2021-04-25,4170.75,4186.0,4163.75,4181.25,988901,1365
2021-04-26,4181.5,4192.5,4166.75,4180.25,962894,1363
2021-04-27,4180.25,4193.75,4172.75,4184.75,1251657,1365
2021-04-28,4184.75,4211.0,4168.0,4200.0,1719352,1365
2021-04-29,4200.75,4201.5,4167.25,4180.5,1848814,1365
2021-05-02,4181.5,4202.5,4181.0,4183.5,1202355,1362
2021-05-03,4184.25,4185.5,4120.5,4158.25,1964331,1365
2021-05-04,4158.25,4180.0,4153.0,4158.25,1382313,1364
2021-05-05,4158.75,4197.25,4140.5,4196.25,1719972,1365
2021-05-06,4197.5,4232.25,4191.75,4226.75,1604545,1364
2021-05-09,4226.75,4238.25,4172.0,4175.75,1627281,1365
2021-05-10,4176.75,4185.5,4103.75,4140.0,2484081,1365
2021-05-11,4140.0,4150.5,4051.0,4052.0,2570939,1365
2021-05-12,4053.5,4126.75,4029.25,4110.75,2331194,1365
2021-05-13,4112.5,4178.25,4105.25,4173.25,1459386,1365
2021-05-16,4169.0,4178.75,4136.5,4160.5,1441125,1365
2021-05-17,4159.0,4179.5,4111.5,4114.75,1249874,1365
2021-05-18,4114.0,4123.0,4055.5,4107.75,2259709,1365
2021-05-19,4107.75,4169.25,4084.5,4152.0,1441351,1365
2021-05-20,4152.5,4185.0,4147.0,4157.75,1414815,1365
2021-05-23,4151.5,4206.25,4142.5,4199.25,1013038,1365
2021-05-24,4199.25,4212.75,4179.25,4188.5,1191945,1365
2021-05-25,4188.0,4204.25,4180.5,4193.75,1030935,1364
2021-05-26,4193.0,4211.5,4177.75,4211.25,1157621,1365
2021-05-27,4211.25,4217.5,4201.0,4203.25,1032994,1365
2021-05-30,4206.5,4210.25,4190.0,4191.25,103618,1136
2021-05-31,4192.0,4230.0,4191.75,4198.5,1224034,1365
2021-06-01,4198.5,4215.0,4190.75,4206.75,1024060,1365
2021-06-02,4208.0,4213.25,4165.25,4191.25,1356867,1365
2021-06-03,4190.75,4232.0,4177.0,4227.75,1002829,1365
2021-06-06,4232.25,4232.5,4214.0,4227.25,877238,1365
2021-06-07,4227.5,4236.75,4205.75,4225.25,1207659,1365
2021-06-08,4225.5,4235.0,4217.0,4222.25,940139,1365
2021-06-09,4222.25,4249.0,4207.0,4238.5,1220346,1362
2021-06-10,4239.5,4247.75,4230.75,4245.0,383112,1362
2021-06-13,4248.0,4251.5,4224.5,4246.25,857828,1362
2021-06-14,4246.25,4258.25,4228.25,4237.5,919892,1365
2021-06-15,4238.0,4241.5,4190.25,4202.5,1364080,1364
2021-06-16,4204.25,4222.75,4183.0,4215.5,1596506,1365
2021-06-17,4216.0,4220.0,4140.75,4141.75,1862942,1365
2021-06-20,4142.5,4219.75,4126.75,4218.5,1382649,1365
2021-06-21,4219.25,4245.5,4205.75,4236.75,1028976,1365
2021-06-22,4237.5,4248.25,4230.5,4233.5,907119,1365
2021-06-23,4233.75,4263.75,4231.75,4262.25,852115,1365
2021-06-24,4262.0,4276.75,4253.5,4274.5,864027,1365
2021-06-27,4275.0,4282.0,4264.25,4281.25,801385,1380
2021-06-28,4280.5,4291.0,4271.75,4284.25,722268,1380
2021-06-29,4284.75,4294.25,4269.25,4293.5,1034378,1380
2021-06-30,4294.25,4312.0,4286.0,4309.5,962616,1380
2021-07-01,4309.75,4347.0,4308.0,4338.75,936819,1380
2021-07-04,4341.0,4346.0,4333.0,4341.5,93047,1136
2021-07-05,4341.5,4348.0,4305.25,4328.25,1238534,1379
2021-07-06,4328.0,4353.25,4320.25,4351.75,1180206,1380
2021-07-07,4352.25,4352.25,4279.25,4310.25,1959215,1380
2021-07-08,4310.25,4364.0,4293.25,4362.0,1263547,1380
2021-07-11,4362.0,4379.25,4341.75,4375.75,1024205,1380
2021-07-12,4377.0,4383.75,4356.5,4359.25,1224606,1378
2021-07-13,4359.5,4384.5,4350.0,4366.25,1277723,1380
2021-07-14,4366.5,4370.25,4332.5,4348.0,1566565,1380
2021-07-15,4347.75,4368.0,4314.25,4318.5,1587619,1380
2021-07-18,4320.0,4320.75,4224.0,4261.0,2542015,1380
2021-07-19,4262.75,4329.0,4252.75,4319.0,1813686,1380
2021-07-20,4318.75,4355.25,4310.0,4355.25,1136581,1380
2021-07-21,4355.0,4371.5,4341.5,4371.0,962760,1380
2021-07-22,4371.5,4408.25,4367.25,4399.25,1110672,1379
2021-07-25,4400.5,4416.75,4375.5,4415.0,905956,1380
2021-07-26,4415.75,4416.0,4364.75,4383.5,1541087,1378
2021-07-27,4380.0,4407.75,4377.5,4392.0,1199097,1380
2021-07-28,4393.75,4422.5,4380.5,4397.0,984607,1380
2021-07-29,4394.25,4405.0,4370.75,4395.25,1331528,1380
2021-08-01,4396.5,4419.75,4377.25,4383.75,1162773,1380
2021-08-02,4383.75,4417.0,4365.25,4408.75,1276269,1380
2021-08-03,4409.75,4415.0,4391.25,4396.5,1022140,1380
2021-08-04,4396.25,4422.75,4393.75,4421.0,748316,1380
2021-08-05,4420.25,4433.25,4416.0,4430.25,913250,1379
2021-08-08,4428.0,4432.0,4412.25,4427.5,756061,1380
2021-08-09,4427.25,4438.25,4416.5,4429.5,926524,1379
2021-08-10,4429.25,4443.25,4420.75,4441.5,971177,1380
2021-08-11,4440.0,4456.25,4430.25,4456.0,836677,1380
2021-08-12,4455.75,4463.25,4451.0,4459.75,755715,1375
2021-08-15,4456.25,4476.5,4432.5,4472.0,1175000,1380
2021-08-16,4472.0,4472.25,4411.75,4437.5,1754267,1380
2021-08-17,4436.75,4449.75,4381.5,4388.5,1505210,1380
2021-08-18,4389.75,4414.75,4347.75,4403.25,1894950,1380
2021-08-19,4403.75,4440.5,4371.75,4437.5,1280686,1380
2021-08-22,4435.0,4485.75,4433.5,4481.25,952462,1380
2021-08-23,4481.0,4492.0,4476.75,4483.75,758624,1376
2021-08-24,4483.5,4498.0,4476.25,4493.5,756769,1380
2021-08-25,4493.75,4494.25,4465.0,4470.0,1280927,1379
2021-08-26,4470.0,4510.0,4462.25,4507.5,1155926,1380
2021-08-29,4508.75,4534.5,4500.75,4530.0,938153,1380
2021-08-30,4529.5,4542.25,4512.5,4528.0,1324334,1380
2021-08-31,4527.75,4540.0,4519.25,4522.75,1020428,1380
2021-09-01,4522.5,4544.0,4516.0,4536.5,981889,1380
2021-09-02,4536.75,4549.5,4519.25,4533.75,1111860,1380
2021-09-05,4533.0,4548.0,4523.75,4544.5,117560,1139
2021-09-06,4545.25,4545.25,4510.75,4517.75,1090971,1380
2021-09-07,4517.5,4524.75,4492.0,4511.25,1455600,1378
2021-09-08,4511.0,4529.5,4485.5,4490.75,1405279,1380
2021-09-09,4491.25,4518.25,4456.5,4461.0,902450,1379
2021-09-12,4461.0,4483.5,4434.5,4466.75,1462961,1379
2021-09-13,4465.75,4479.5,4425.25,4437.25,1540569,1380
2021-09-14,4437.0,4477.75,4427.5,4476.5,1361692,1380
2021-09-15,4476.0,4478.5,4433.25,4460.25,1355910,1380
2021-09-16,4459.25,4472.5,4406.5,4408.25,1862256,1380
2021-09-19,4411.75,4418.0,4293.75,4343.0,2615185,1380
2021-09-20,4342.5,4395.75,4329.25,4336.25,1909764,1380
2021-09-21,4336.5,4406.5,4321.25,4386.25,1710474,1380
2021-09-22,4386.0,4455.0,4385.75,4439.0,1409392,1380
2021-09-23,4439.0,4453.0,4410.75,4446.0,1132255,1379
2021-09-26,4446.0,4472.0,4425.0,4429.25,1255031,1380
2021-09-27,4429.75,4442.0,4334.75,4346.5,2240766,1379
2021-09-28,4347.5,4378.75,4344.25,4356.5,1771927,1380
2021-09-29,4360.0,4389.0,4294.25,4298.5,2241949,1380
2021-09-30,4301.0,4365.75,4260.0,4350.75,2194605,1380
2021-10-03,4349.0,4362.0,4267.5,4294.0,2066484,1380
2021-10-04,4295.75,4359.75,4269.0,4336.0,1599269,1380
2021-10-05,4334.0,4357.5,4273.75,4355.25,2143065,1380
2021-10-06,4355.25,4421.5,4355.0,4390.25,1377192,1380
2021-10-07,4390.5,4407.75,4376.25,4380.5,1369808,1380
2021-10-10,4381.0,4407.5,4344.0,4347.25,1207056,1380
2021-10-11,4347.75,4365.0,4317.25,4328.75,1258460,1380
2021-10-12,4327.5,4364.75,4318.75,4355.25,1327998,1380
2021-10-13,4354.75,4437.25,4354.0,4435.5,1220536,1380
2021-10-14,4433.0,4467.5,4426.25,4465.25,1133094,1380
2021-10-17,4465.5,4479.75,4436.25,4476.0,1037226,1380
2021-10-18,4475.75,4517.5,4471.75,4515.25,982474,1379
2021-10-19,4516.0,4532.25,4504.0,4525.0,965003,1380
2021-10-20,4525.0,4543.25,4510.25,4532.0,913037,1380
2021-10-21,4530.0,4551.5,4515.25,4529.25,1264969,1380
2021-10-24,4528.75,4566.25,4522.5,4565.25,986106,1380
2021-10-25,4564.75,4590.0,4560.75,4563.25,1215144,1379
2021-10-26,4563.75,4576.75,4543.75,4547.75,1212110,1380
2021-10-27,4548.75,4589.75,4545.25,4578.5,1152012,1380
2021-10-28,4577.0,4603.5,4559.25,4602.5,1328105,1380
2021-10-31,4608.0,4619.5,4586.5,4605.75,1023508,1380
2021-11-01,4605.75,4627.0,4593.25,4621.5,945362,1380
2021-11-02,4621.25,4657.0,4613.0,4651.75,1039266,1378
2021-11-03,4651.5,4676.25,4650.75,4672.75,1123247,1380
2021-11-04,4671.75,4711.75,4667.5,4685.75,1390623,1378
2021-11-07,4678.5,4707.0,4676.25,4692.0,950168,1380
2021-11-08,4690.75,4700.5,4663.25,4675.25,1255562,1379
2021-11-09,4674.75,4680.25,4625.25,4644.25,1583317,1380
2021-11-10,4645.0,4661.5,4638.0,4646.5,916560,1380
2021-11-11,4647.0,4685.5,4643.75,4681.0,1100792,1379
2021-11-14,4684.75,4697.5,4667.0,4681.0,1002655,1379
2021-11-15,4680.75,4709.75,4670.75,4696.5,993186,1380
2021-11-16,4696.5,4701.0,4679.25,4685.25,1022365,1379
2021-11-17,4685.25,4706.5,4668.0,4705.25,1128536,1379
2021-11-18,4705.25,4723.5,4684.25,4697.75,1276306,1380
2021-11-21,4701.0,4740.5,4674.25,4684.0,1618177,1378
2021-11-22,4686.0,4695.5,4649.0,4684.75,1833752,1380
2021-11-23,4686.25,4702.25,4656.25,4700.5,1355447,1380
2021-11-24,4700.5,4717.0,4700.25,4705.5,103227,1140
2021-11-25,4707.75,4708.5,4577.25,4579.0,1863464,1155
2021-11-28,4589.0,4669.75,4588.75,4655.75,1943805,1380
2021-11-29,4657.25,4667.5,4557.0,4585.5,2709407,1380
2021-11-30,4587.5,4650.75,4497.75,4507.5,2581984,1380
2021-12-01,4514.75,4593.75,4505.5,4585.25,2509684,1380
2021-12-02,4587.25,4606.5,4492.0,4533.25,2641964,1380
2021-12-05,4542.25,4611.75,4531.5,4595.25,1917151,1380
2021-12-06,4594.25,4697.25,4587.25,4695.0,1672834,1380
2021-12-07,4695.25,4712.0,4671.75,4697.75,1266213,1380
2021-12-08,4697.25,4706.0,4662.25,4668.5,1205235,1380
2021-12-09,4669.25,4712.75,4664.25,4712.25,862388,1380
2021-12-12,4711.25,4723.25,4655.5,4663.5,1362663,1380
2021-12-13,4663.0,4676.75,4596.25,4629.25,1569048,1380
2021-12-14,4629.0,4705.75,4602.0,4702.5,1781274,1380
2021-12-15,4702.75,4743.25,4642.0,4665.25,1976179,1380
2021-12-16,4664.0,4668.0,4590.0,4619.25,2368845,1380
2021-12-19,4612.0,4621.5,4520.25,4569.25,2027303,1380
2021-12-20,4567.75,4643.0,4565.75,4642.0,1458541,1380
2021-12-21,4641.75,4690.5,4622.25,4689.25,1069204,1380
2021-12-22,4689.0,4731.25,4684.25,4716.75,923924,1378
2021-12-26,4717.0,4784.25,4713.25,4782.25,852723,1379
2021-12-27,4780.5,4798.0,4770.5,4781.0,921482,1380
2021-12-28,4781.0,4796.0,4770.0,4784.0,821374,1380
2021-12-29,4784.75,4799.75,4767.25,4772.5,712561,1377
2021-12-30,4773.75,4778.5,4750.5,4761.5,864112,1379
2022-01-02,4771.0,4791.25,4747.5,4784.5,1274576,1380
2022-01-03,4785.25,4808.25,4764.5,4783.75,1348067,1380
2022-01-04,4783.5,4788.25,4689.5,4692.0,1777014,1380
2022-01-05,4692.0,4715.75,4662.0,4693.75,1808350,1380
2022-01-06,4695.0,4705.75,4653.75,4667.5,1553104,1380
2022-01-09,4671.25,4681.75,4572.75,4662.5,2152231,1380
2022-01-10,4663.5,4707.5,4627.25,4704.25,1687928,1380
2022-01-11,4704.0,4739.5,4695.0,4718.75,1530041,1380
2022-01-12,4719.25,4736.25,4642.5,4652.5,1771052,1380
2022-01-13,4655.0,4667.0,4606.0,4664.0,1955469,1380
2022-01-16,4666.0,4671.75,4638.75,4654.5,162588,1140
2022-01-17,4656.0,4661.75,4560.0,4577.0,2027319,1380
2022-01-18,4577.75,4603.0,4517.25,4524.5,1926961,1380
2022-01-19,4526.0,4594.25,4437.75,4456.25,1985251,1380
2022-01-20,4454.25,4487.0,4381.25,4381.5,2903134,1380
2022-01-23,4389.0,4427.5,4212.75,4407.5,3705532,1380
2022-01-24,4402.75,4406.75,4276.5,4306.25,2407477,1380
2022-01-25,4308.75,4446.25,4294.25,4338.75,2362198,1380
2022-01-26,4345.25,4422.0,4263.25,4344.0,2231915,1380
2022-01-27,4348.0,4426.0,4266.25,4419.75,2179054,1380
2022-01-30,4423.5,4507.75,4395.5,4491.75,1715223,1380
2022-01-31,4493.25,4554.75,4474.0,4549.5,1529982,1380
2022-02-01,4552.0,4586.0,4535.25,4548.5,1554145,1380
2022-02-02,4545.75,4548.25,4462.0,4522.0,1752018,1380
2022-02-03,4518.0,4532.5,4438.5,4485.5,1882649,1380
2022-02-06,4497.0,4514.5,4462.75,4483.5,1422083,1380
2022-02-07,4484.0,4523.75,4456.25,4518.25,1420579,1380
2022-02-08,4519.0,4585.0,4517.25,4581.25,1320984,1380
2022-02-09,4582.25,4583.75,4476.0,4495.0,2324801,1380
2022-02-10,4494.5,4520.5,4393.25,4418.0,2404621,1380
2022-02-13,4411.75,4428.0,4354.0,4394.5,2052178,1380
2022-02-14,4393.5,4468.0,4381.75,4457.0,1482337,1380
2022-02-15,4458.75,4484.5,4422.75,4465.0,1373511,1380
2022-02-16,4464.25,4474.75,4367.25,4374.75,1576184,1380
2022-02-17,4374.75,4411.5,4321.0,4344.25,1739369,1380
2022-02-20,4324.25,4391.25,4285.25,4289.5,424728,1140
2022-02-21,4266.25,4358.75,4250.0,4312.25,2092536,1380
2022-02-22,4310.75,4345.5,4212.5,4215.0,1836106,1380
2022-02-23,4215.5,4290.0,4101.75,4269.25,2841166,1380
2022-02-24,4266.75,4384.25,4227.5,4380.5,1874846,1380
2022-02-27,4299.5,4385.5,4251.5,4370.25,2090678,1380
2022-02-28,4367.5,4399.0,4275.0,4310.25,1798351,1380
2022-03-01,4308.75,4399.25,4278.25,4373.75,1643621,1380
2022-03-02,4373.75,4418.75,4341.0,4365.25,1503820,1380
2022-03-03,4366.5,4374.5,4281.25,4320.25,1762073,1380
2022-03-06,4308.75,4325.25,4185.25,4186.0,1814515,1380
2022-03-07,4186.5,4275.0,4138.75,4152.25,2260580,1380
2022-03-08,4153.0,4298.25,4152.0,4279.75,1551543,1380
2022-03-09,4279.0,4282.25,4207.0,4257.25,1455748,1380
2022-03-10,4258.5,4335.5,4198.0,4205.75,901650,1380
2022-03-12,4215.75,4244.75,4152.25,4171.25,1131272,960
2022-03-13,4216.0,4235.75,4200.25,4215.75,61389,420
2022-03-14,4171.25,4263.25,4129.5,4250.0,1402933,1380
2022-03-15,4249.75,4367.5,4239.0,4362.25,1669700,1380
2022-03-16,4361.0,4406.75,4320.25,4384.25,1218110,1380
2022-03-17,4384.25,4465.75,4364.5,4465.0,1296770,1380
2022-03-20,4460.0,4473.0,4415.0,4458.5,1322992,1380
2022-03-21,4456.75,4514.75,4433.0,4505.75,1171718,1380
2022-03-22,4504.0,4514.0,4444.75,4449.0,1253695,1380
2022-03-23,4449.25,4517.5,4445.75,4516.25,1182233,1380
2022-03-24,4516.25,4539.0,4493.25,4536.0,1193552,1380
2022-03-27,4535.25,4572.25,4509.75,4570.0,1141456,1380
2022-03-28,4570.25,4631.0,4565.25,4621.25,1312862,1380
2022-03-29,4621.25,4627.5,4574.75,4601.5,1150417,1380
2022-03-30,4599.0,4614.25,4526.25,4541.0,1521644,1380
2022-03-31,4541.0,4555.5,4501.25,4538.5,1377108,1380
2022-04-03,4538.25,4580.0,4527.75,4576.0,988533,1380
2022-04-04,4576.25,4588.75,4507.75,4526.25,1269629,1379
2022-04-05,4526.25,4528.75,4444.5,4471.0,1729289,1379
2022-04-06,4471.25,4517.25,4444.5,4495.0,1415681,1380
2022-04-07,4494.75,4519.75,4468.75,4483.5,1293376,1379
2022-04-10,4488.75,4491.25,4403.5,4410.0,1382438,1380
2022-04-11,4411.0,4466.75,4375.5,4394.5,1709296,1380
2022-04-12,4396.75,4449.5,4384.0,4438.25,1210982,1380
2022-04-13,4438.5,4455.75,4385.0,4389.0,1325700,1380
2022-04-17,4390.0,4406.25,4355.5,4399.5,1121717,1380
2022-04-18,4399.0,4467.0,4371.75,4441.0,1427605,1380
2022-04-19,4441.0,4484.25,4432.75,4469.25,1389265,1380
2022-04-20,4468.0,4509.0,4380.0,4385.75,1650608,1380
2022-04-21,4385.75,4393.25,4247.5,4251.25,1955019,1380
2022-04-24,4259.0,4296.5,4195.25,4294.25,2225544,1380
2022-04-25,4294.0,4303.5,4136.75,4140.75,1954553,1380
2022-04-26,4149.5,4236.25,4149.0,4211.5,1980499,1380
2022-04-27,4213.0,4303.5,4182.5,4260.25,1746172,1380
2022-04-28,4244.0,4279.75,4118.75,4137.0,2025178,1380
2022-05-01,4144.0,4165.75,4056.0,4146.25,2260682,1380
2022-05-02,4145.5,4195.75,4129.0,4174.25,1632082,1380
2022-05-03,4171.25,4303.0,4142.75,4286.25,1718528,1380
2022-05-04,4289.75,4300.75,4099.25,4151.0,2319251,1380
2022-05-05,4146.5,4153.25,4062.0,4110.75,2222288,1380
2022-05-08,4087.25,4099.0,3970.0,3989.5,2061018,1380
2022-05-09,3993.25,4065.5,3953.0,3991.5,2197092,1380
2022-05-10,3990.5,4050.5,3923.75,3943.0,2103745,1380
2022-05-11,3939.75,3961.75,3855.0,3910.0,2324715,1380
2022-05-12,3916.25,4036.0,3915.5,4014.0,1789507,1380
2022-05-15,4025.0,4043.5,3979.5,4000.25,1644840,1380
2022-05-16,4002.0,4091.5,4000.5,4090.5,1663594,1380
2022-05-17,4091.25,4095.0,3905.5,3914.0,2102251,1380
2022-05-18,3916.5,3943.5,3856.0,3898.25,2268793,1380
2022-05-19,3900.5,3949.5,3807.5,3902.0,2311509,1380
2022-05-22,3910.5,3982.25,3906.5,3978.0,1689887,1380
2022-05-23,3951.75,3954.5,3872.0,3950.0,1971601,1380
2022-05-24,3950.0,3997.75,3913.5,3970.0,1689486,1380
2022-05-25,3972.25,4073.5,3960.5,4050.75,1423499,1380
2022-05-26,4047.5,4168.25,4041.25,4168.0,1479124,1380
2022-05-29,4164.5,4202.25,4157.5,4177.5,192992,1140
2022-05-30,4175.75,4180.0,4102.75,4132.25,1945435,1380
2022-05-31,4138.5,4165.0,4071.5,4097.0,1846836,1380
2022-06-01,4097.75,4179.0,4072.25,4177.75,1468405,1380
2022-06-02,4177.75,4189.0,4096.75,4109.5,1474894,1380
2022-06-05,4110.5,4168.25,4104.5,4120.75,1411093,1380
2022-06-06,4122.0,4164.0,4076.0,4150.75,1612884,1380
2022-06-07,4150.75,4160.0,4105.25,4116.25,1588538,1380
2022-06-08,4116.0,4144.25,4014.75,4023.0,1722272,1380
2022-06-09,4025.25,4029.5,3895.25,3905.5,1443434,1380
2022-06-12,3870.75,3876.5,3732.5,3754.25,1125092,1380
2022-06-13,3758.25,3805.0,3705.25,3739.25,536515,1380
2022-06-14,3740.0,3843.0,3723.5,3793.75,1892230,1380
2022-06-15,3799.0,3833.25,3642.0,3680.0,2233258,1380
2022-06-16,3680.5,3713.5,3639.0,3683.75,2061217,1380
2022-06-19,3684.0,3725.0,3661.5,3716.0,229637,1140
2022-06-20,3716.0,3783.75,3710.5,3769.5,1278624,1380
2022-06-21,3766.25,3805.5,3693.25,3760.25,1610730,1380
2022-06-22,3761.25,3805.75,3735.0,3784.25,1569852,1380
2022-06-23,3785.25,3919.75,3781.25,3914.75,1475275,1380
2022-06-26,3915.0,3948.0,3892.5,3910.0,1446968,1380
2022-06-27,3911.25,3950.0,3821.75,3828.0,1728965,1380
2022-06-28,3828.25,3840.0,3801.25,3823.0,1681090,1380
2022-06-29,3822.75,3825.0,3741.25,3781.0,2285057,1380
2022-06-30,3782.0,3833.5,3744.5,3825.5,1673568,1380
2022-07-03,3828.5,3828.5,3793.0,3813.5,143649,1140
2022-07-04,3813.5,3857.75,3744.0,3833.75,1816050,1380
2022-07-05,3838.0,3875.0,3808.75,3854.0,1639840,1380
2022-07-06,3853.75,3914.25,3832.5,3899.25,1271232,1380
2022-07-07,3897.0,3922.0,3868.0,3905.5,1431398,1380
2022-07-10,3900.0,3900.75,3850.0,3862.0,1446897,1380
2022-07-11,3862.0,3876.5,3804.75,3823.5,1605947,1380
2022-07-12,3825.0,3873.0,3752.0,3796.0,2097746,1380
2022-07-13,3795.75,3806.25,3723.75,3796.0,1838527,1380
2022-07-14,3797.75,3868.25,3780.25,3866.75,1438030,1380
2022-07-17,3878.5,3909.5,3820.25,3838.25,1384474,1380
2022-07-18,3838.5,3948.0,3834.0,3945.25,1543168,1380
2022-07-19,3947.0,3977.25,3922.25,3953.75,1684398,1380
2022-07-20,3954.0,4004.75,3930.25,3991.25,1774667,1380
2022-07-21,3988.0,4016.25,3941.5,3963.25,1688295,1380
2022-07-24,3967.75,3988.75,3946.0,3962.25,1458359,1380
2022-07-25,3959.0,3964.5,3913.25,3939.25,1544309,1380
2022-07-26,3939.25,4042.75,3938.75,4020.5,1670929,1380
2022-07-27,4022.0,4111.0,3994.5,4105.0,1955906,1380
2022-07-28,4105.0,4144.0,4081.0,4132.5,1819732,1380
2022-07-31,4137.5,4147.25,4097.0,4123.0,1714778,1380
2022-08-01,4119.75,4143.0,4080.5,4096.25,1847727,1380
2022-08-02,4097.0,4170.0,4084.5,4152.5,1630300,1380
2022-08-03,4150.25,4173.25,4136.0,4151.75,1196593,1380
2022-08-04,4152.0,4166.25,4103.75,4141.75,1663888,1378
2022-08-07,4149.75,4188.0,4129.25,4150.75,1487824,1379
2022-08-08,4148.5,4155.0,4113.0,4129.25,1238275,1380
2022-08-09,4128.75,4213.5,4113.75,4211.0,1546140,1380
2022-08-10,4210.75,4260.5,4202.75,4218.75,1549034,1380
2022-08-11,4219.25,4282.75,4208.25,4280.75,1223225,1380
2022-08-14,4277.0,4304.75,4249.0,4294.5,1275513,1380
2022-08-15,4294.5,4327.5,4278.75,4310.25,1319228,1378
2022-08-16,4309.25,4315.0,4255.0,4280.75,1581981,1380
2022-08-17,4279.5,4295.5,4258.0,4288.25,1315919,1380
2022-08-18,4287.0,4288.0,4220.75,4228.5,1625567,1380
2022-08-21,4221.0,4221.5,4131.5,4146.5,1666175,1380
2022-08-22,4147.0,4161.75,4118.0,4128.0,1544196,1380
2022-08-23,4128.25,4158.5,4110.75,4149.5,1293025,1380
2022-08-24,4148.75,4202.75,4143.0,4195.25,1572293,1380
2022-08-25,4198.25,4217.25,4042.75,4042.75,2132617,1380
2022-08-28,4024.0,4064.0,4006.75,4035.75,1901180,1380
2022-08-29,4035.75,4072.75,3964.5,3986.5,2491596,1380
2022-08-30,3987.25,4018.25,3953.0,3960.5,2268995,1380
2022-08-31,3958.0,3971.25,3903.5,3968.0,2147369,1380
2022-09-01,3967.5,4019.25,3906.0,3933.25,2433365,1380
2022-09-04,3929.0,3942.25,3915.25,3936.25,213271,1140
2022-09-05,3936.25,3963.25,3886.75,3908.25,2059587,1380
2022-09-06,3907.5,3988.75,3883.5,3978.5,1843745,1380
2022-09-07,3980.0,4011.5,3942.75,4010.0,2127445,1380
2022-09-08,4010.25,4077.25,4005.75,4066.25,1153370,1380
2022-09-11,4077.25,4119.75,4062.25,4118.25,642781,1380
2022-09-12,4118.25,4158.0,3919.75,3936.75,604312,1379
2022-09-13,3936.75,3981.25,3929.0,3973.75,2178323,1380
2022-09-14,3972.0,3977.5,3905.0,3910.0,2302262,1380
2022-09-15,3904.0,3905.0,3853.0,3902.5,2588711,1380
2022-09-18,3889.5,3927.0,3846.25,3922.75,2046334,1380
2022-09-19,3923.0,3936.25,3843.25,3879.75,2284006,1380
2022-09-20,3878.75,3925.25,3792.0,3796.75,2363910,1380
2022-09-21,3794.0,3833.0,3763.5,3773.75,2535776,1380
2022-09-22,3777.25,3783.25,3660.25,3711.5,2806095,1380
2022-09-25,3705.25,3730.5,3657.5,3667.25,2829100,1380
2022-09-26,3668.0,3733.0,3635.25,3665.25,2898328,1380
2022-09-27,3668.5,3751.25,3613.0,3729.75,2688512,1380
2022-09-28,3730.25,3736.0,3622.0,3658.75,2797972,1380
2022-09-29,3656.5,3693.75,3595.25,3604.25,2827581,1380
2022-10-02,3593.25,3711.75,3571.75,3694.5,2257542,1380
2022-10-03,3696.5,3808.75,3686.25,3803.5,2306305,1380
2022-10-04,3801.0,3820.0,3734.0,3795.75,2028307,1380
2022-10-05,3795.75,3819.5,3750.0,3751.0,2101800,1380
2022-10-06,3745.75,3770.5,3632.5,3650.75,2150624,1380
2022-10-09,3638.75,3667.5,3600.0,3627.5,1987385,1380
2022-10-10,3624.75,3653.25,3579.0,3608.25,2346127,1380
2022-10-11,3607.0,3635.25,3585.5,3593.25,1900939,1380
2022-10-12,3596.25,3697.75,3502.0,3680.25,3191765,1380
2022-10-13,3680.25,3733.75,3591.25,3596.5,2651776,1380
2022-10-16,3591.0,3702.5,3590.5,3699.5,1883995,1380
2022-10-17,3706.25,3777.25,3697.25,3758.0,2698509,1380
2022-10-18,3759.75,3774.25,3676.75,3710.25,2298293,1380
2022-10-19,3708.0,3748.0,3666.25,3676.75,2342231,1380
2022-10-20,3677.75,3773.25,3641.5,3772.0,2583708,1380
2022-10-23,3771.0,3822.0,3736.5,3805.5,2048873,1380
2022-10-24,3803.25,3874.25,3790.0,3853.25,1790142,1380
2022-10-25,3841.0,3897.5,3824.25,3853.75,2029591,1380
2022-10-26,3844.25,3870.75,3757.5,3791.5,2144336,1380
2022-10-27,3798.25,3924.25,3776.75,3923.0,1990508,1380
2022-10-30,3911.5,3914.75,3872.25,3882.75,1885604,1380
2022-10-31,3884.0,3928.0,3852.5,3861.75,1830222,1380
2022-11-01,3863.0,3907.0,3760.25,3768.25,2127098,1380
2022-11-02,3766.75,3782.5,3704.25,3725.5,1824620,1380
2022-11-03,3724.0,3805.5,3711.0,3772.75,2427654,1380
2022-11-06,3750.0,3821.75,3738.25,3812.25,1442593,1380
2022-11-07,3812.75,3867.0,3792.75,3832.75,1811300,1380
2022-11-08,3832.5,3848.75,3750.0,3756.25,1828295,1380
2022-11-09,3757.0,3973.5,3751.5,3973.0,2296673,1380
2022-11-10,3973.0,4009.75,3951.0,3999.5,1844878,1380
2022-11-13,3984.0,4017.5,3964.0,3975.0,1516287,1380
2022-11-14,3974.75,4050.75,3960.0,3994.75,2156623,1380
2022-11-15,3992.0,4015.75,3962.0,3974.0,1441568,1380
2022-11-16,3977.25,3990.25,3912.5,3961.0,1510326,1380
2022-11-17,3960.5,3994.0,3942.5,3971.5,1470776,1380
2022-11-20,3972.5,3982.0,3937.5,3958.0,1137212,1380
2022-11-21,3957.75,4012.5,3945.25,4009.25,1110558,1380
2022-11-22,4010.0,4039.5,4002.0,4039.25,1229448,1380
2022-11-23,4038.75,4049.25,4037.25,4043.5,107942,1139
2022-11-24,4043.75,4046.0,4024.75,4034.25,455519,1154
2022-11-27,4020.25,4024.0,3960.25,3971.5,1423699,1380
2022-11-28,3972.0,3990.25,3941.25,3962.25,1444093,1380
2022-11-29,3962.25,4093.5,3942.75,4093.0,2350960,1380
2022-11-30,4094.5,4110.0,4054.5,4077.5,1760239,1380
2022-12-01,4077.5,4085.5,4006.75,4066.75,1768951,1380
2022-12-04,4074.0,4075.75,3987.25,4006.25,1421482,1380
2022-12-05,4005.75,4014.75,3921.5,3945.0,1772440,1380
2022-12-06,3944.5,3961.5,3914.0,3934.5,1658264,1380
2022-12-07,3935.75,3977.25,3916.0,3964.25,1481556,1380
2022-12-08,3964.75,3990.0,3930.0,3931.5,1101006,1380
2022-12-11,3933.0,3992.75,3924.5,3986.75,518090,1379
2022-12-12,3989.25,4145.0,3985.0,4020.5,617370,1378
2022-12-13,4021.75,4090.75,3997.0,4038.25,1577900,1379
2022-12-14,4037.0,4043.0,3908.0,3922.25,1941951,1380
2022-12-15,3920.0,3934.5,3855.25,3872.0,1822596,1380
2022-12-18,3874.0,3899.0,3827.25,3841.75,1328351,1380
2022-12-19,3842.75,3866.5,3803.5,3853.5,1487117,1380
2022-12-20,3857.25,3918.75,3855.5,3914.0,1465599,1380
2022-12-21,3915.0,3919.75,3788.5,3847.75,1752962,1380
2022-12-22,3850.0,3872.5,3821.25,3868.25,1332382,1380
2022-12-26,3878.0,3900.5,3837.25,3856.0,975163,1380
2022-12-27,3858.0,3875.0,3804.5,3810.25,1203515,1380
2022-12-28,3811.0,3882.75,3806.25,3869.25,1088988,1380
2022-12-29,3869.75,3871.0,3821.5,3868.0,1295813,1379
2023-01-02,3895.0,3906.75,3814.5,3843.25,1715451,1380
2023-01-03,3842.75,3896.25,3836.5,3871.25,1858956,1380
2023-01-04,3871.0,3885.5,3822.5,3832.75,1635384,1380
2023-01-05,3833.0,3928.75,3819.0,3913.75,1937348,1380
2023-01-08,3918.5,3973.25,3909.75,3913.5,1648713,1380
2023-01-09,3914.5,3943.75,3891.5,3941.25,1477558,1380
2023-01-10,3941.0,3992.5,3934.5,3992.25,1333845,1380
2023-01-11,3991.75,4021.5,3954.0,4002.75,2043136,1380
2023-01-12,4003.0,4024.25,3961.75,4019.0,1411035,1380
2023-01-15,4020.0,4028.25,3996.75,4009.75,147581,1140
2023-01-16,4010.0,4035.25,4000.5,4009.0,1227394,1380
2023-01-17,4008.5,4033.5,3943.75,3945.75,1835713,1380
2023-01-18,3945.25,3948.75,3901.75,3920.25,1835291,1380
2023-01-19,3925.0,3990.5,3911.75,3988.0,1527921,1380
2023-01-22,3987.0,4056.75,3980.25,4037.0,1530734,1379
2023-01-23,4036.5,4047.5,4005.25,4038.75,1431466,1377
2023-01-24,4039.0,4040.5,3963.25,4029.5,1702841,1379
2023-01-25,4031.0,4077.0,4027.25,4067.75,1562619,1380
2023-01-26,4065.0,4109.25,4057.25,4084.0,1525999,1380
2023-01-29,4077.0,4086.0,4029.5,4039.75,1730075,1380
2023-01-30,4039.25,4091.25,4007.5,4085.75,1703716,1380
2023-01-31,4085.75,4163.25,4048.5,4142.5,1937608,1380
2023-02-01,4145.5,4208.5,4136.75,4164.75,2217699,1380
2023-02-02,4176.0,4194.0,4132.5,4146.0,2259295,1380
2023-02-05,4134.25,4143.0,4104.0,4123.25,1513965,1380
2023-02-06,4123.5,4188.25,4098.25,4166.25,2122958,1380
2023-02-07,4167.25,4179.25,4121.25,4132.5,1733515,1380
2023-02-08,4132.25,4170.25,4078.25,4097.75,1776177,1380
2023-02-09,4098.0,4104.25,4060.75,4099.5,1697603,1380
2023-02-12,4105.0,4150.75,4078.75,4149.5,1318203,1380
2023-02-13,4149.75,4186.5,4103.75,4141.0,2316862,1380
2023-02-14,4141.25,4161.75,4113.0,4159.5,1566342,1380
2023-02-15,4159.0,4168.5,4095.0,4095.75,1990666,1380
2023-02-16,4095.5,4096.0,4055.75,4085.75,1939978,1380
2023-02-19,4083.0,4089.25,4073.25,4075.75,117041,1140
2023-02-20,4076.0,4077.75,4002.0,4007.75,1705366,1380
2023-02-21,4007.5,4025.0,3983.75,4008.5,1874334,1380
2023-02-22,4010.0,4034.25,3974.25,4015.25,1894430,1380
2023-02-23,4015.25,4023.25,3947.5,3974.5,1976247,1379
2023-02-26,3976.5,4024.75,3973.0,3991.5,1583688,1380
2023-02-27,3991.5,4003.75,3965.0,3969.5,1770075,1380
2023-02-28,3968.5,3991.0,3943.0,3961.0,1972638,1380
2023-03-01,3959.75,3995.25,3925.0,3983.0,1777705,1380
2023-03-02,3983.0,4053.0,3974.0,4052.5,1560437,1380
2023-03-05,4049.25,4082.5,4041.75,4053.75,1476248,1380
2023-03-06,4053.75,4064.5,3982.5,3989.75,2034504,1379
2023-03-07,3990.0,4003.25,3971.5,3998.25,1749266,1380
2023-03-08,3997.0,4019.75,3909.5,3919.0,2310280,1380
2023-03-09,3919.0,3941.75,3846.25,3879.0,2574668,1380
2023-03-11,3927.75,3938.75,3808.75,3863.0,1383924,960
2023-03-12,3887.75,3935.0,3859.0,3928.0,218194,420
2023-03-13,3865.75,3938.0,3855.25,3922.0,653944,1380
2023-03-14,3920.5,3964.0,3865.0,3925.5,2611344,1380
2023-03-15,3924.75,4000.0,3895.0,3996.25,2254163,1380
2023-03-16,3995.0,4009.25,3932.5,3947.75,2081583,1380
2023-03-19,3963.75,3989.5,3897.25,3987.5,1745093,1380
2023-03-20,3986.5,4043.25,3981.75,4039.0,1442462,1380
2023-03-21,4038.75,4073.75,3966.25,3971.75,1732889,1380
2023-03-22,3972.75,4039.5,3948.5,3987.5,2158046,1380
2023-03-23,3988.75,4010.75,3937.0,4010.5,1870210,1380
2023-03-26,4008.0,4034.25,3997.5,4015.0,1249487,1380
2023-03-27,4013.5,4023.75,3980.75,4006.5,1189029,1380
2023-03-28,4006.5,4061.25,4006.0,4058.0,1326430,1380
2023-03-29,4058.0,4087.75,4052.5,4083.0,1279588,1380
2023-03-30,4081.0,4142.5,4078.0,4139.5,1555997,1380
2023-04-02,4127.0,4157.75,4122.75,4153.5,1330604,1380
2023-04-03,4152.5,4171.75,4115.25,4133.0,1531275,1380
2023-04-04,4134.0,4135.5,4099.0,4114.5,1423537,1380
2023-04-05,4113.75,4135.25,4096.5,4130.75,1258990,1380
2023-04-06,4129.0,4146.75,4121.0,4141.5,71612,897
2023-04-09,4139.0,4143.0,4098.75,4139.25,1118140,1379
2023-04-10,4138.5,4151.75,4128.75,4138.25,1179608,1380
2023-04-11,4137.5,4177.75,4113.5,4117.25,1802571,1380
2023-04-12,4117.5,4177.0,4110.25,4168.75,1382301,1380
2023-04-13,4168.75,4189.0,4138.0,4171.75,1823671,1380
2023-04-16,4174.25,4180.5,4148.0,4176.75,1259060,1379
2023-04-17,4177.0,4198.25,4164.5,4179.0,1371401,1377
2023-04-18,4176.0,4187.5,4150.5,4173.5,1250850,1376
2023-04-19,4172.25,4173.5,4137.0,4153.75,1714762,1380
2023-04-20,4153.75,4161.0,4135.25,4153.25,1588239,1379
2023-04-23,4150.0,4164.25,4133.5,4157.5,1285564,1377
2023-04-24,4157.25,4158.5,4091.5,4109.25,1691709,1380
2023-04-25,4110.25,4116.25,4068.75,4085.5,1753517,1380
2023-04-26,4085.5,4166.5,4080.75,4158.0,1616363,1380
2023-04-27,4151.0,4193.75,4131.5,4190.75,1687850,1380
2023-04-30,4190.0,4206.25,4178.5,4179.5,1195183,1380
2023-05-01,4179.5,4191.5,4105.5,4133.25,1941067,1380
2023-05-02,4133.25,4167.0,4095.0,4096.25,1610866,1379
2023-05-03,4087.0,4118.0,4062.25,4074.5,1937984,1380
2023-05-04,4077.25,4163.25,4076.75,4149.0,1487935,1380
2023-05-07,4151.0,4161.0,4137.5,4151.5,998264,1380
2023-05-08,4150.5,4153.0,4131.0,4135.25,965994,1378
2023-05-09,4133.0,4173.25,4112.25,4152.75,1824903,1378
2023-05-10,4152.75,4168.5,4121.5,4145.25,1425696,1378
2023-05-11,4144.5,4164.5,4111.75,4132.0,1385932,1378
2023-05-14,4132.25,4156.25,4123.0,4148.75,1141659,1380
2023-05-15,4148.25,4151.5,4120.0,4127.5,1282901,1378
2023-05-16,4126.0,4179.0,4122.0,4171.0,1507773,1378
2023-05-17,4171.25,4215.75,4161.25,4215.5,1664634,1379
2023-05-18,4215.5,4227.25,4191.5,4198.25,1612344,1380
2023-05-21,4189.0,4221.75,4186.5,4207.75,1256576,1380
2023-05-22,4207.5,4222.75,4153.0,4159.25,1618846,1380
2023-05-23,4158.0,4166.25,4114.0,4150.75,1856243,1379
2023-05-24,4157.0,4175.5,4131.5,4158.75,1883197,1380
2023-05-25,4157.0,4221.25,4146.0,4219.25,1662426,1380
2023-05-28,4239.75,4243.25,4220.25,4224.75,140189,1140
2023-05-29,4224.0,4243.0,4200.0,4213.75,1769833,1380
2023-05-30,4213.0,4217.75,4174.0,4188.25,2040896,1380
2023-05-31,4188.5,4239.75,4178.0,4231.75,1796338,1379
2023-06-01,4231.75,4297.75,4229.0,4288.75,1870428,1378
2023-06-04,4288.0,4305.75,4273.0,4280.25,1594837,1380
2023-06-05,4279.75,4294.75,4268.5,4292.25,1482448,1380
2023-06-06,4292.25,4304.75,4269.25,4273.25,1800566,1376
2023-06-07,4273.25,4302.5,4262.75,4298.25,1459432,1379
2023-06-08,4297.75,4325.5,4284.0,4304.75,1416940,1378
2023-06-11,4306.5,4346.5,4305.25,4345.75,529040,1380
2023-06-12,4345.0,4377.75,4335.75,4372.5,488627,1379
2023-06-13,4372.0,4439.5,4369.5,4424.75,1707188,1374
2023-06-14,4422.75,4485.5,4393.75,4467.5,1718778,1379
2023-06-15,4469.0,4493.75,4451.0,4459.0,1714578,1379
2023-06-18,4458.0,4462.0,4443.0,4448.25,141863,1137
2023-06-19,4449.0,4451.0,4410.5,4430.5,1337874,1379
2023-06-20,4430.25,4438.5,4403.5,4410.0,1397802,1377
2023-06-21,4410.0,4427.0,4393.0,4425.25,1324495,1378
2023-06-22,4425.75,4426.25,4381.5,4388.5,1459637,1379
2023-06-25,4390.0,4403.0,4368.5,4374.75,1556926,1380
2023-06-26,4375.75,4424.75,4371.5,4414.75,1434454,1380
2023-06-27,4414.0,4430.25,4399.25,4422.75,1620702,1380
2023-06-28,4423.75,4438.0,4409.75,4435.75,1572508,1380
2023-06-29,4435.25,4498.0,4433.0,4482.5,1619480,1378
2023-07-02,4485.5,4494.0,4479.5,4492.0,594691,1154
2023-07-03,4492.0,4493.75,4486.25,4490.5,78110,1121
2023-07-04,4490.0,4492.75,4466.25,4482.0,1054295,1377
2023-07-05,4481.75,4483.5,4419.5,4444.75,1655475,1376
2023-07-06,4441.25,4476.0,4431.5,4438.0,1614789,1380
2023-07-09,4437.5,4448.25,4411.25,4445.25,1307482,1380
2023-07-10,4445.75,4478.5,4439.0,4472.25,1282630,1380
2023-07-11,4471.0,4523.75,4470.0,4509.5,1691644,1379
2023-07-12,4510.5,4551.5,4509.25,4539.5,1088535,1379
2023-07-13,4539.5,4560.5,4531.0,4535.25,1315338,1379
2023-07-16,4536.0,4565.75,4528.0,4550.0,1007217,1377
2023-07-17,4550.25,4594.5,4544.75,4583.0,1219792,1379
2023-07-18,4582.75,4609.25,4582.25,4595.75,1461558,1377
2023-07-19,4593.25,4594.25,4557.25,4566.25,1458582,1380
2023-07-20,4566.25,4590.0,4561.75,4564.0,1370390,1380
2023-07-23,4564.25,4592.5,4560.0,4585.5,1151555,1379
2023-07-24,4584.5,4608.75,4579.25,4604.5,1151667,1376
2023-07-25,4604.75,4610.75,4573.75,4592.25,1308495,1378
2023-07-26,4594.75,4634.5,4553.75,4567.25,1828323,1380
2023-07-27,4566.0,4616.5,4558.0,4607.0,1492162,1380
2023-07-30,4608.75,4619.25,4595.25,4617.25,1231338,1380
2023-07-31,4617.75,4621.75,4591.0,4598.25,1146998,1380
2023-08-01,4580.0,4593.5,4527.75,4534.5,1834481,1380
2023-08-02,4534.25,4547.5,4505.75,4524.75,1699614,1380
2023-08-03,4523.5,4560.75,4493.75,4498.0,1947967,1379
2023-08-06,4500.5,4541.75,4500.5,4540.0,1352200,1380
2023-08-07,4539.5,4541.0,4482.0,4517.25,1630571,1378
2023-08-08,4516.5,4536.25,4478.25,4493.25,1581573,1378
2023-08-09,4493.25,4544.75,4473.5,4486.75,2164972,1378
2023-08-10,4487.75,4496.25,4459.0,4484.25,1458675,1379
2023-08-13,4485.0,4507.75,4465.0,4506.5,1237946,1380
2023-08-14,4505.75,4517.75,4447.0,4452.5,1430674,1380
2023-08-15,4453.25,4467.25,4417.0,4419.5,1442600,1377
2023-08-16,4420.5,4436.75,4377.75,4378.5,1559640,1380
2023-08-17,4379.25,4396.0,4350.0,4380.0,1645212,1380
2023-08-20,4382.5,4421.0,4372.25,4409.5,1319265,1380
2023-08-21,4410.25,4440.0,4394.25,4400.25,1323098,1380
2023-08-22,4400.0,4476.25,4399.5,4475.5,1248383,1379
2023-08-23,4470.5,4485.5,4378.5,4383.75,1715749,1379
2023-08-24,4384.5,4429.0,4365.25,4413.25,1801605,1380
2023-08-27,4418.0,4449.5,4414.5,4444.25,1225634,1379
2023-08-28,4444.0,4509.5,4433.5,4508.0,1374521,1375
2023-08-29,4508.75,4530.75,4496.25,4527.0,1342247,1379
2023-08-30,4527.0,4541.25,4512.75,4517.25,1333761,1377
2023-08-31,4516.75,4547.75,4507.25,4519.0,1354930,1378
2023-09-03,4521.25,4531.25,4515.25,4518.75,123825,1134
2023-09-04,4520.0,4521.5,4499.25,4500.5,1206837,1375
2023-09-05,4500.0,4503.75,4447.0,4469.75,1524581,1379
2023-09-06,4469.5,4471.75,4434.25,4457.25,1443832,1379
2023-09-07,4458.25,4477.5,4443.0,4463.5,1078829,1377
2023-09-10,4463.5,4493.5,4459.25,4488.0,555107,1376
2023-09-11,4487.75,4491.0,4458.75,4465.0,312656,1369
2023-09-12,4464.5,4530.25,4462.75,4522.0,1327473,1368
2023-09-13,4521.25,4562.0,4519.0,4557.75,1428991,1376
2023-09-14,4556.5,4566.0,4494.0,4499.0,1685012,1380
2023-09-17,4499.5,4514.5,4487.0,4502.5,1112901,1378
2023-09-18,4503.25,4509.5,4462.25,4492.0,1369350,1376
2023-09-19,4491.25,4508.0,4443.25,4444.25,1420677,1375
2023-09-20,4445.0,4447.0,4366.5,4369.0,1905148,1380
2023-09-21,4370.25,4399.0,4357.25,4362.75,1650841,1380
2023-09-24,4365.0,4383.5,4338.25,4382.75,1498494,1379
2023-09-25,4382.0,4382.0,4305.5,4319.5,1673788,1379
2023-09-26,4320.25,4336.5,4277.0,4321.75,1893832,1380
2023-09-27,4323.25,4355.75,4301.0,4342.25,1946204,1380
2023-09-28,4342.0,4371.25,4311.0,4329.25,2008938,1380
2023-10-01,4349.0,4355.5,4295.5,4326.0,1894098,1380
2023-10-02,4326.0,4335.75,4251.25,4262.75,2191406,1380
2023-10-03,4262.75,4304.0,4235.5,4290.75,2096802,1380
2023-10-04,4291.5,4302.0,4258.0,4288.5,1623709,1380
2023-10-05,4287.5,4358.5,4242.25,4345.25,2124186,1378
2023-10-08,4315.0,4375.75,4299.5,4368.75,1422166,1380
2023-10-09,4368.75,4419.0,4366.25,4391.5,1557610,1380
2023-10-10,4392.0,4419.75,4377.25,4419.0,1434964,1377
2023-10-11,4417.75,4430.5,4355.5,4380.75,1827230,1380
2023-10-12,4380.75,4407.75,4340.75,4351.5,2093698,1380
2023-10-15,4356.75,4414.25,4354.5,4406.0,1623908,1380
2023-10-16,4406.25,4423.25,4365.75,4400.0,1824920,1380
2023-10-17,4398.0,4399.25,4330.75,4347.5,2203759,1380
2023-10-18,4346.5,4366.5,4292.75,4296.5,2672826,1380
2023-10-19,4295.0,4304.25,4243.5,4244.5,2234499,1380
2023-10-22,4256.25,4280.75,4213.25,4250.75,1907154,1379
2023-10-23,4250.25,4290.5,4242.0,4270.25,1757578,1379
2023-10-24,4269.5,4273.5,4203.75,4211.0,1918880,1380
2023-10-25,4202.0,4205.0,4146.25,4160.5,2340299,1380
2023-10-26,4167.0,4185.0,4122.25,4136.5,2123611,1380
2023-10-29,4148.0,4197.5,4143.5,4185.0,1825434,1380
2023-10-30,4184.25,4215.0,4166.75,4204.0,1756274,1380
2023-10-31,4205.0,4264.75,4191.25,4258.25,1954402,1380
2023-11-01,4258.5,4339.75,4257.75,4333.25,1726470,1379
2023-11-02,4327.5,4391.75,4325.5,4378.5,1695242,1379
2023-11-05,4379.25,4389.5,4364.25,4380.25,1287361,1380
2023-11-06,4380.0,4403.25,4366.0,4397.5,1316669,1380
2023-11-07,4397.5,4407.75,4375.0,4393.5,1319855,1380
2023-11-08,4393.25,4413.0,4357.75,4364.75,1904985,1380
2023-11-09,4364.5,4435.5,4354.25,4424.5,1672785,1380
2023-11-12,4425.75,4436.75,4407.25,4428.0,1226763,1380
2023-11-13,4427.25,4524.25,4420.25,4514.5,1811236,1378
2023-11-14,4515.5,4541.25,4510.75,4514.0,1506893,1380
2023-11-15,4514.25,4529.5,4501.75,4528.5,1432946,1380
2023-11-16,4527.75,4539.5,4512.75,4523.75,1244185,1380
2023-11-19,4526.75,4571.0,4520.0,4561.25,1146074,1377
2023-11-20,4561.75,4567.0,4536.75,4548.0,1054641,1379
2023-11-21,4547.75,4580.5,4543.0,4565.75,1349775,1379
2023-11-22,4564.0,4572.75,4562.0,4569.5,98179,1135
2023-11-23,4572.0,4574.0,4562.75,4568.25,435011,1146
2023-11-26,4568.5,4570.0,4552.0,4561.5,1059112,1380
2023-11-27,4561.5,4577.25,4547.0,4564.0,1382466,1379
2023-11-28,4564.0,4597.0,4555.5,4563.0,1534526,1379
2023-11-29,4562.25,4579.5,4544.75,4571.75,1945933,1380
2023-11-30,4571.75,4607.75,4562.5,4604.0,1818296,1380
2023-12-03,4603.25,4604.5,4553.5,4572.5,1725403,1380
2023-12-04,4573.0,4585.5,4555.5,4573.25,1777516,1377
2023-12-05,4573.25,4598.5,4552.0,4556.5,1712027,1380
2023-12-06,4556.0,4596.0,4548.75,4585.75,1602644,1380
2023-12-07,4586.5,4613.75,4561.75,4607.25,1424798,1380
2023-12-10,4607.75,4627.25,4599.5,4624.5,467706,1374
2023-12-11,4625.0,4649.75,4610.5,4649.25,326832,1366
2023-12-12,4649.0,4764.25,4648.5,4758.5,1578496,1372
2023-12-13,4760.75,4791.75,4746.25,4768.5,1946018,1380
2023-12-14,4767.75,4789.0,4757.25,4769.5,1628778,1380
2023-12-17,4770.5,4802.25,4769.5,4790.25,1077157,1378
2023-12-18,4790.5,4821.5,4787.75,4818.25,1062805,1380
2023-12-19,4818.5,4830.75,4743.25,4753.25,1623367,1380
2023-12-20,4751.0,4798.25,4751.0,4795.75,1624670,1380
2023-12-21,4795.75,4821.75,4784.75,4799.25,1260980,1380
2023-12-25,4800.25,4834.5,4800.25,4827.0,626490,1376
2023-12-26,4827.75,4836.5,4816.5,4834.75,949964,1376
2023-12-27,4834.5,4841.5,4828.0,4833.5,848814,1379
2023-12-28,4834.75,4841.0,4796.75,4812.75,1129992,1376
2024-01-01,4818.0,4828.0,4765.5,4788.5,1549005,1380
2024-01-02,4790.75,4790.75,4741.0,4748.75,1587336,1380
2024-01-03,4750.0,4766.5,4727.0,4732.25,1299377,1380
2024-01-04,4732.75,4760.25,4702.0,4735.5,1663860,1378
2024-01-07,4735.75,4803.25,4715.25,4798.0,1339989,1378
2024-01-08,4797.75,4804.0,4767.5,4790.5,1296753,1379
2024-01-09,4790.75,4828.5,4786.0,4820.25,1300997,1380
2024-01-10,4820.5,4838.0,4772.75,4812.0,1739692,1379
2024-01-11,4811.25,4836.5,4791.5,4811.25,1458580,1380
2024-01-14,4812.0,4823.0,4806.5,4813.5,155320,1138
2024-01-15,4811.5,4815.75,4779.5,4799.0,1675835,1380
2024-01-16,4799.75,4800.75,4746.25,4769.25,1599359,1380
2024-01-17,4768.0,4817.0,4763.5,4810.75,1659531,1380
2024-01-18,4811.25,4874.25,4808.5,4869.75,1758547,1380
2024-01-21,4872.5,4898.25,4872.5,4880.75,1261802,1380
2024-01-22,4881.75,4902.0,4874.25,4901.0,1085933,1379
2024-01-23,4900.25,4933.25,4889.0,4901.5,1505474,1378
2024-01-24,4899.5,4926.5,4893.25,4919.0,1457154,1380
2024-01-25,4919.25,4934.25,4898.5,4912.75,1273095,1380
2024-01-28,4908.75,4956.0,4901.75,4950.25,1138055,1380
2024-01-29,4950.25,4957.25,4933.0,4933.5,1077668,1378
2024-01-30,4930.25,4938.0,4866.0,4871.75,2157589,1380
2024-01-31,4874.5,4963.75,4872.5,4959.0,1738250,1380
2024-02-01,4952.75,4997.75,4925.75,4972.75,1857343,1379
2024-02-04,4976.0,4980.75,4937.75,4960.25,1407213,1380
2024-02-05,4959.5,4978.25,4954.5,4972.25,1217317,1379
2024-02-06,4971.5,5020.0,4970.0,5015.5,1267075,1380
2024-02-07,5015.75,5020.0,5003.75,5014.5,951841,1377
2024-02-08,5014.5,5048.5,5013.0,5042.0,1140382,1377
2024-02-11,5042.5,5066.5,5031.5,5035.75,1079032,1369
2024-02-12,5034.0,5040.0,4936.5,4973.25,2003833,1375
2024-02-13,4974.25,5022.5,4968.75,5017.5,1554843,1380
2024-02-14,5017.5,5051.75,5011.0,5050.5,1303597,1378
2024-02-15,5049.5,5059.25,5012.75,5014.5,1456066,1379
2024-02-18,5016.5,5029.5,5016.25,5024.5,116852,1136
2024-02-19,5024.5,5024.75,4968.25,4989.5,1421940,1380
2024-02-20,4990.0,5020.5,4959.0,5018.75,1408232,1380
2024-02-21,5016.0,5107.75,5015.25,5093.25,1658180,1380
2024-02-22,5094.25,5123.5,5092.0,5094.75,1286777,1379
2024-02-25,5095.0,5108.0,5076.25,5077.5,1036810,1380
2024-02-26,5077.5,5093.0,5067.0,5090.25,977281,1379
2024-02-27,5090.75,5091.25,5063.25,5069.5,1134023,1379
2024-02-28,5072.0,5114.5,5060.0,5100.75,1693421,1380
2024-02-29,5101.5,5149.25,5089.25,5138.75,1510715,1379
2024-03-03,5142.0,5157.75,5132.0,5134.25,1151296,1375
2024-03-04,5133.75,5135.5,5063.0,5091.25,1767059,1380
2024-03-05,5091.0,5134.5,5083.75,5113.25,1876937,1380
2024-03-06,5114.25,5170.5,5086.5,5157.25,1588247,1380
2024-03-07,5159.25,5193.0,5121.75,5132.0,2054568,1379
2024-03-09,5118.0,5129.0,5094.75,5128.25,664474,960
2024-03-10,5132.5,5133.25,5116.25,5118.0,51076,420
2024-03-11,5129.0,5183.0,5112.75,5175.0,484474,1370
2024-03-12,5176.0,5247.5,5174.25,5237.75,1284503,1376
2024-03-13,5236.5,5253.5,5188.0,5217.75,1961191,1378
2024-03-14,5216.0,5230.75,5167.75,5183.25,1749575,1379
2024-03-17,5185.75,5240.25,5181.75,5214.5,1307418,1380
2024-03-18,5215.25,5244.75,5186.0,5239.5,1318792,1380
2024-03-19,5239.75,5297.75,5233.0,5296.25,1320666,1376
2024-03-20,5294.75,5322.75,5293.5,5307.5,1248667,1380
2024-03-21,5306.75,5311.75,5287.75,5289.75,1043908,1380
2024-03-24,5290.5,5295.0,5272.5,5280.75,853314,1380
2024-03-25,5280.75,5300.5,5263.0,5272.5,1023491,1379
2024-03-26,5273.25,5313.75,5270.75,5308.25,1369313,1380
2024-03-27,5308.0,5321.0,5301.0,5304.25,1130175,1380
2024-03-31,5314.25,5333.5,5282.25,5293.75,1069459,1380
2024-04-01,5294.5,5296.0,5235.0,5262.0,1347387,1380
2024-04-02,5262.5,5280.75,5244.5,5269.0,1321546,1380
2024-04-03,5270.75,5308.5,5192.5,5197.0,1834239,1379
2024-04-04,5199.75,5272.5,5191.5,5255.75,1837815,1380
2024-04-07,5263.25,5269.25,5236.5,5257.0,1115977,1380
2024-04-08,5258.0,5274.25,5208.25,5265.5,1591836,1379
2024-04-09,5264.25,5285.0,5176.5,5203.75,2282842,1377
2024-04-10,5202.0,5257.5,5173.5,5243.25,1691112,1380
2024-04-11,5244.0,5248.75,5150.0,5166.5,1905841,1378
2024-04-14,5166.5,5213.25,5094.0,5101.0,2154485,1380
2024-04-15,5101.25,5123.25,5078.75,5094.5,2036388,1380
2024-04-16,5096.25,5120.5,5047.0,5061.5,1876745,1380
2024-04-17,5063.0,5095.25,5038.5,5048.0,1650753,1380
2024-04-18,5047.25,5058.0,4963.5,5003.5,2261566,1380
2024-04-21,5014.25,5076.75,5006.0,5049.0,1526359,1380
2024-04-22,5051.0,5113.5,5037.75,5112.25,1309120,1379
2024-04-23,5115.25,5128.75,5072.25,5079.75,1455811,1380
2024-04-24,5070.0,5132.75,5022.25,5131.75,1834882,1380
2024-04-25,5132.0,5146.5,5104.5,5131.75,1383168,1380
2024-04-28,5140.25,5154.25,5118.75,5147.25,1129794,1380
2024-04-29,5148.5,5148.5,5051.0,5055.0,1583747,1379
2024-04-30,5050.0,5126.75,5037.75,5053.75,1899431,1380
2024-05-01,5057.0,5113.0,5036.25,5111.0,1507813,1380
2024-05-02,5110.25,5166.75,5099.25,5161.5,1541923,1379
2024-05-05,5166.75,5207.75,5155.75,5205.25,974138,1380
2024-05-06,5204.75,5226.75,5202.25,5212.0,1064097,1380
2024-05-07,5211.75,5218.0,5188.75,5210.0,972881,1379
2024-05-08,5209.25,5244.75,5195.0,5240.5,1050226,1380
2024-05-09,5240.75,5264.0,5232.75,5241.5,1058816,1378
2024-05-12,5240.5,5264.0,5233.25,5243.0,890777,1379
2024-05-13,5241.75,5274.25,5216.75,5269.0,1188515,1378
2024-05-14,5268.5,5337.25,5266.25,5330.25,1330238,1377
2024-05-15,5331.5,5349.0,5315.5,5316.25,1164207,1379
2024-05-16,5318.25,5328.75,5305.75,5327.75,991897,1380
2024-05-19,5329.25,5348.25,5323.75,5331.75,984157,1378
2024-05-20,5331.75,5347.5,5322.5,5344.0,943936,1374
2024-05-21,5343.5,5349.25,5306.75,5331.0,1193324,1371
2024-05-22,5339.0,5368.25,5273.5,5286.5,1930357,1380
2024-05-23,5285.75,5329.25,5285.75,5320.75,1195430,1380
2024-05-26,5321.75,5334.75,5312.5,5334.0,86469,1140
2024-05-27,5334.25,5339.0,5296.75,5324.0,1253267,1378
2024-05-28,5323.75,5324.0,5268.25,5270.0,1374719,1379
2024-05-29,5270.5,5277.0,5238.25,5250.5,1405409,1380
2024-05-30,5250.5,5307.0,5205.5,5299.25,2290121,1380
2024-06-02,5299.5,5313.25,5246.75,5300.5,1731303,1380
2024-06-03,5300.25,5312.25,5262.0,5304.75,1631036,1380
2024-06-04,5305.0,5368.25,5302.5,5365.75,1369428,1380
2024-06-05,5367.75,5373.25,5345.25,5363.25,1177951,1379
2024-06-06,5362.0,5385.5,5329.0,5353.5,1495244,1374
2024-06-09,5351.5,5375.75,5338.25,5369.5,1131765,1377
2024-06-10,5369.75,5386.25,5334.5,5383.75,1318721,1380
2024-06-11,5384.5,5454.5,5380.0,5438.5,1713498,1374
2024-06-12,5436.25,5452.75,5408.5,5436.25,1325941,1379
2024-06-13,5436.0,5443.0,5397.75,5435.75,1089585,1375
2024-06-16,5435.5,5494.0,5424.75,5479.5,443865,1377
2024-06-17,5480.25,5494.0,5473.5,5493.0,211443,1377
2024-06-18,5492.75,5566.5,5491.75,5561.75,87738,1123
2024-06-19,5562.0,5588.0,5525.5,5544.0,1408082,1373
2024-06-20,5545.0,5550.75,5519.0,5536.5,1237930,1379
2024-06-23,5538.5,5558.5,5510.25,5515.75,1339336,1380
2024-06-24,5516.0,5539.75,5511.0,5535.0,1072944,1380
2024-06-25,5535.0,5551.75,5516.25,5533.5,1124500,1380
2024-06-26,5533.0,5555.0,5515.75,5549.5,1164648,1380
2024-06-27,5548.25,5585.0,5510.75,5532.25,1714293,1380
2024-06-30,5534.25,5541.0,5504.5,5532.0,1351649,1380
2024-07-01,5533.5,5569.75,5502.75,5562.75,1240725,1380
2024-07-02,5563.75,5595.75,5559.75,5591.0,734264,1155
2024-07-03,5591.0,5597.0,5585.25,5588.5,92714,1129
2024-07-04,5587.75,5626.0,5585.0,5615.0,1063892,1377
2024-07-07,5612.0,5637.5,5610.75,5628.5,913553,1380
2024-07-08,5627.75,5645.75,5626.25,5632.0,1010300,1377
2024-07-09,5631.75,5690.5,5630.75,5684.5,1109619,1376
2024-07-10,5684.25,5707.75,5630.0,5640.0,1894448,1375
2024-07-11,5638.5,5708.25,5621.25,5667.5,1597355,1379
2024-07-14,5681.0,5718.75,5665.5,5688.25,1635851,1379
2024-07-15,5688.75,5721.25,5673.0,5715.5,1422160,1380
2024-07-16,5715.0,5717.75,5631.75,5643.0,1966990,1379
2024-07-17,5644.0,5664.0,5570.25,5600.0,2433873,1380
2024-07-18,5602.5,5607.5,5542.0,5552.75,2018763,1380
2024-07-21,5564.5,5616.0,5553.5,5608.25,1613504,1380
2024-07-22,5607.75,5629.75,5587.75,5602.25,1334122,1380
2024-07-23,5585.0,5585.0,5462.0,5483.25,2051881,1380
2024-07-24,5482.5,5533.25,5432.5,5444.75,2792598,1380
2024-07-25,5446.0,5528.25,5445.25,5499.25,1889922,1380
2024-07-28,5496.5,5534.5,5481.0,5504.5,1643601,1379
2024-07-29,5504.5,5527.5,5433.0,5452.0,1983712,1379
2024-07-30,5454.75,5588.5,5451.5,5570.25,2025076,1380
2024-07-31,5574.75,5600.75,5444.75,5471.25,2660420,1380
2024-08-01,5464.25,5473.25,5331.75,5358.0,3126523,1380
2024-08-04,5330.0,5345.5,5120.0,5248.25,3274122,1380
2024-08-05,5250.0,5342.0,5221.75,5249.0,2072145,1380
2024-08-06,5241.5,5359.25,5196.75,5202.25,2137837,1380
2024-08-07,5208.25,5361.0,5182.0,5353.0,1829173,1380
2024-08-08,5348.25,5385.25,5319.5,5365.0,1348468,1380
2024-08-11,5364.25,5396.75,5347.75,5367.75,1165031,1380
2024-08-12,5372.5,5461.25,5367.5,5455.5,1197119,1380
2024-08-13,5457.5,5487.75,5438.75,5481.5,1242877,1380
2024-08-14,5481.25,5571.75,5471.75,5567.0,1345324,1380
2024-08-15,5568.5,5586.25,5536.5,5580.25,1063220,1380
2024-08-18,5584.0,5631.75,5565.25,5625.25,928933,1379
2024-08-19,5629.5,5643.75,5607.75,5620.0,973379,1379
2024-08-20,5619.5,5655.25,5613.5,5641.5,1012066,1380
2024-08-21,5642.0,5665.25,5582.75,5598.5,1328832,1379
2024-08-22,5597.75,5662.25,5597.75,5650.75,1344092,1380
2024-08-25,5650.5,5669.0,5619.75,5629.5,1058168,1380
2024-08-26,5630.0,5649.5,5611.5,5643.0,966256,1379
2024-08-27,5643.75,5650.5,5576.0,5593.5,1307707,1380
2024-08-28,5580.5,5663.75,5561.25,5618.0,1507624,1380
2024-08-29,5618.5,5665.0,5594.25,5656.5,1454056,1380
2024-09-01,5656.25,5667.0,5638.0,5665.0,106439,1135
2024-09-02,5665.0,5669.75,5516.75,5538.5,1701720,1380
2024-09-03,5538.5,5565.0,5506.75,5527.25,1689010,1380
2024-09-04,5527.5,5557.25,5490.0,5511.5,1670035,1380
2024-09-05,5513.0,5532.5,5394.0,5403.75,2257065,1380
2024-09-08,5410.0,5493.0,5405.25,5487.5,1518526,1380
2024-09-09,5488.25,5506.0,5448.25,5499.5,1454872,1380
2024-09-10,5499.25,5567.5,5412.0,5557.75,2147673,1380
2024-09-11,5558.0,5607.0,5540.25,5596.5,1515672,1380
2024-09-12,5598.5,5641.5,5597.25,5626.75,1042422,1380
2024-09-15,5622.75,5641.5,5609.25,5633.75,461273,1374
2024-09-16,5633.25,5675.5,5617.0,5640.0,393222,1378
2024-09-17,5639.5,5755.75,5639.0,5689.75,1440931,1372
2024-09-18,5693.0,5797.5,5691.0,5774.5,1498956,1380
2024-09-19,5776.0,5776.75,5733.5,5758.25,1431283,1380
2024-09-22,5762.0,5784.5,5745.25,5774.75,1013952,1380
2024-09-23,5774.0,5794.25,5754.75,5792.75,1112379,1380
2024-09-24,5792.25,5798.75,5768.0,5783.25,973085,1379
2024-09-25,5783.5,5830.0,5778.25,5803.75,1275124,1379
2024-09-26,5804.25,5821.5,5782.0,5785.75,1181898,1380
2024-09-29,5784.0,5820.25,5756.25,5806.25,1353434,1380
2024-09-30,5807.0,5822.5,5733.0,5758.25,1854538,1380
2024-10-01,5760.25,5773.25,5724.0,5770.0,1190491,1380
2024-10-02,5769.5,5772.75,5725.75,5744.0,1362601,1380
2024-10-03,5745.75,5804.75,5741.0,5795.5,1375885,1380
2024-10-06,5802.0,5808.0,5734.25,5750.0,1138694,1380
2024-10-07,5752.5,5806.75,5725.25,5798.25,1085881,1380
2024-10-08,5799.25,5846.5,5780.75,5836.5,1055904,1380
2024-10-09,5836.0,5844.0,5811.5,5831.0,1057130,1379
2024-10-10,5831.0,5868.25,5816.0,5853.25,956045,1379
2024-10-13,5854.5,5918.5,5850.0,5913.75,841430,1379
2024-10-14,5914.25,5915.5,5850.0,5860.75,1276558,1377
2024-10-15,5861.0,5892.75,5853.25,5883.75,887122,1380
2024-10-16,5882.75,5927.25,5871.25,5887.5,1163220,1380
2024-10-17,5888.25,5915.5,5876.25,5907.5,880467,1380
2024-10-20,5911.5,5915.5,5865.0,5898.75,1019423,1380
2024-10-21,5900.75,5904.25,5861.25,5887.0,994781,1380
2024-10-22,5887.25,5893.75,5801.0,5842.0,1404919,1378
2024-10-23,5844.0,5870.0,5822.5,5852.75,1116645,1379
2024-10-24,5853.25,5900.75,5835.0,5841.5,1295386,1380
2024-10-27,5857.0,5884.5,5857.0,5864.25,985230,1380
2024-10-28,5867.0,5883.75,5837.5,5878.0,1135051,1380
2024-10-29,5883.0,5893.0,5840.25,5845.25,1282138,1380
2024-10-30,5840.0,5844.0,5733.25,5738.5,1866447,1380
2024-10-31,5742.0,5803.75,5732.5,5759.25,1516489,1380
2024-11-03,5741.75,5776.5,5724.25,5749.0,1273164,1380
2024-11-04,5752.25,5823.25,5735.0,5822.25,1140254,1379
2024-11-05,5820.25,5967.0,5814.75,5966.25,1900812,1380
2024-11-06,5963.5,6013.0,5951.0,6006.5,1209868,1380
2024-11-07,6007.75,6040.5,5990.25,6023.5,1058723,1380
2024-11-10,6030.0,6053.25,6013.5,6028.5,1012763,1380
2024-11-11,6029.25,6036.5,5986.75,6012.25,1324473,1380
2024-11-12,6012.25,6035.25,5991.75,6018.25,1360009,1380
2024-11-13,6017.75,6025.25,5964.25,5974.25,1470847,1380
2024-11-14,5972.0,5974.25,5876.75,5900.0,1838995,1380
2024-11-17,5899.75,5933.0,5886.5,5918.75,1258264,1379
2024-11-18,5919.0,5947.5,5855.0,5937.5,1534736,1380
2024-11-19,5937.75,5957.75,5880.0,5939.75,1509842,1380
2024-11-20,5937.25,5985.0,5905.25,5966.5,1777236,1380
2024-11-21,5967.0,5993.5,5940.75,5991.0,1461523,1380
2024-11-24,6006.0,6040.0,5982.5,6012.75,1527846,1380
2024-11-25,6013.25,6044.0,5976.25,6041.5,1259000,1380
2024-11-26,6041.75,6047.0,6000.25,6015.5,1084817,1380
2024-11-27,6015.0,6032.5,6014.75,6029.75,99476,1140
2024-11-28,6027.25,6060.0,6018.0,6051.5,685005,1155
2024-12-01,6051.5,6068.5,6036.0,6063.0,929487,1380
2024-12-02,6064.0,6070.75,6047.5,6066.75,920768,1380
2024-12-03,6067.0,6102.25,6063.0,6095.5,1043841,1379
2024-12-04,6095.25,6107.25,6081.5,6085.75,1036269,1380
2024-12-05,6085.5,6111.0,6076.0,6096.75,1069346,1380
2024-12-08,6096.25,6105.75,6060.0,6063.25,1258722,1379
2024-12-09,6065.25,6075.25,6039.75,6052.75,1241687,1377
2024-12-10,6052.75,6102.5,6045.5,6087.25,1165421,1379
2024-12-11,6087.5,6088.25,6055.5,6058.75,1323954,1376
2024-12-12,6065.0,6085.25,6041.25,6051.25,1158590,1380
2024-12-15,6055.5,6090.5,6051.5,6076.5,451208,1378
2024-12-16,6077.0,6079.25,6040.75,6052.0,336519,1371
2024-12-17,6053.5,6148.0,5906.5,5939.5,2148468,1377
2024-12-18,5949.5,6005.25,5931.25,5941.25,2090299,1380
2024-12-19,5944.5,6050.75,5866.0,5996.5,2110389,1380
2024-12-22,6001.75,6043.0,5965.0,6036.0,1301862,1380
2024-12-23,6037.75,6099.5,6030.0,6099.0,581462,1152
2024-12-25,6099.25,6107.5,6063.25,6091.5,839842,1379
2024-12-26,6092.0,6095.25,5982.75,6029.25,1541163,1380
2024-12-29,6028.75,6036.25,5918.25,5954.25,1495243,1380
2024-12-30,5955.0,5983.25,5917.25,5938.25,1264866,1380
