date,first30_return,last30_return,rth_return,first30_range_bps,session_year,sample,signal,gross_signal_return,range_tercile
2023-01-03,-0.011264502203435556,-6.853383286886672e-05,-0.015851245615612908,171.5531972299667,2023,IS_2023,-1.0,6.853383286886672e-05,high
2023-01-04,-0.0048035528164227514,0.0035592872299161638,-0.0033760819322971036,83.38242624733766,2023,IS_2023,-1.0,-0.0035592872299161638,high
2023-01-05,-0.005012588693064757,-0.0014995962625447001,-0.009384298466468266,100.7095445181964,2023,IS_2023,-1.0,0.0014995962625447001,high
2023-01-06,-0.0070241483793958,-0.001661726398993979,0.020521531539803517,164.12634285189606,2023,IS_2023,-1.0,0.001661726398993979,high
2023-01-09,0.009910935511953323,-0.002429727380129698,-0.0010491305609500179,104.46661755842764,2023,IS_2023,1.0,-0.002429727380129698,high
2023-01-10,0.006057750555293895,0.003869246164109441,0.012855892845123451,96.92400888470081,2023,IS_2023,1.0,0.003869246164109441,high
2023-01-11,0.001148029583839305,0.0029932924031550456,0.013489347610111446,63.80395187106745,2023,IS_2023,1.0,0.0029932924031550456,mid
2023-01-12,-0.011531766753698824,0.0013241295476251747,0.003677110530896366,180.59181897302,2023,IS_2023,-1.0,-0.0013241295476251747,high
2023-01-13,0.0029761904761904656,0.0007975341107495648,0.01606267507002812,59.96148459383754,2023,IS_2023,1.0,0.0007975341107495648,mid
2023-01-17,0.0013794589934259527,-4.299965600274014e-05,0.0024787153788123906,67.03308546179545,2023,IS_2023,1.0,-4.299965600274014e-05,high
2023-01-18,0.002073535699016693,-0.0032776921574160234,-0.018426678067550273,46.60111158614793,2023,IS_2023,1.0,-0.0032776921574160234,low
2023-01-19,-0.0009642990203598822,-0.005079476288479268,-0.004098270836529361,85.69111749106928,2023,IS_2023,-1.0,0.005079476288479268,high
2023-01-20,0.0018156760658893933,0.0017373026767331101,0.021700610329665526,78.31470260101065,2023,IS_2023,1.0,0.0017373026767331101,high
2023-01-23,0.008287764866712344,0.0022890984312324836,0.01943779904306231,127.94771018455229,2023,IS_2023,1.0,0.0022890984312324836,high
2023-01-24,0.002044688026981545,6.299874002513306e-05,0.003857504215851515,93.8026981450253,2023,IS_2023,1.0,6.299874002513306e-05,high
2023-01-25,-0.007534685165421551,0.0006740673646072892,0.01398078975453565,87.0864461045891,2023,IS_2023,-1.0,-0.0006740673646072892,high
2023-01-26,-0.00314118699423771,0.002173238124805854,0.007260094443635401,106.50912192382101,2023,IS_2023,-1.0,-0.002173238124805854,high
2023-01-27,0.006287742015812725,-0.005613292928471236,0.014609143165452698,87.36433625931228,2023,IS_2023,1.0,-0.005613292928471236,high
2023-01-30,0.003103726541000329,-8.352823254265118e-05,-0.009207722071634006,59.59154958720437,2023,IS_2023,1.0,-8.352823254265118e-05,mid
2023-01-31,0.0017328851493829678,0.006355186618916431,0.014969622314549902,72.02956343821117,2023,IS_2023,1.0,0.006355186618916431,high
2023-02-01,0.00047349459598566845,-0.0008245515244147406,0.02281008749356661,46.7318579516212,2023,IS_2023,1.0,-0.0008245515244147406,low
2023-02-02,-0.0006505667816658622,0.005671706010052624,0.01372104484967962,62.69098077870872,2023,IS_2023,-1.0,-0.005671706010052624,mid
2023-02-03,0.011690558084975322,-0.00041568518775114693,0.003996262202517142,155.67528878461937,2023,IS_2023,1.0,-0.00041568518775114693,high
2023-02-06,0.003317611319849645,0.002222578190701263,0.0003397553761292915,53.16172355903749,2023,IS_2023,1.0,0.002222578190701263,mid
2023-02-07,-0.000499840051183642,0.0018040276879032202,0.021453134996801015,52.3832373640435,2023,IS_2023,-1.0,-0.0018040276879032202,mid
2023-02-08,-0.001179824992626144,0.0007779151872979728,-0.013410677416183292,70.3962245600236,2023,IS_2023,-1.0,-0.0007779151872979728,high
2023-02-09,-0.0038514442916093294,0.0017936316001612163,-0.023206916879544126,74.08135193554726,2023,IS_2023,-1.0,-0.0017936316001612163,high
2023-02-10,0.0009525546705579924,0.002842985947526522,0.0008714861879572933,66.88149814555847,2023,IS_2023,1.0,0.002842985947526522,high
2023-02-13,0.004737043681590114,0.0014369249805417095,0.011489850631941856,91.71722872865811,2023,IS_2023,1.0,0.0014369249805417095,high
2023-02-14,0.008938592271925616,9.897462290675563e-05,0.01256613756613767,169.352252685586,2023,IS_2023,1.0,9.897462290675563e-05,high
2023-02-15,0.0008165053570716729,0.004238875416494148,0.014378460190385134,70.09997211932928,2023,IS_2023,1.0,0.004238875416494148,high
2023-02-16,0.0032138294474608475,-0.0025771651183698063,-0.003393484509741307,76.2535931012456,2023,IS_2023,1.0,-0.0025771651183698063,high
2023-02-17,-0.004882970137207399,0.002629556211820816,0.00016142050040346412,102.90556900726392,2023,IS_2023,-1.0,-0.002629556211820816,high
2023-02-21,-6.132962629812333e-05,-0.0010115398113168528,-0.010712241393409094,60.10303377218088,2023,IS_2023,-1.0,0.0010115398113168528,mid
2023-02-22,0.0001443805045067137,0.0024848836246169625,-0.001464430831425445,48.676855805127566,2023,IS_2023,1.0,0.0024848836246169625,mid
2023-02-23,-0.001673127933074836,-0.0028999121857578025,-0.0037747398490104445,51.00999795960008,2023,IS_2023,-1.0,0.0028999121857578025,mid
2023-02-24,-0.0014382490880666676,0.0017951822318706956,0.00035435122459603896,73.16310578426264,2023,IS_2023,-1.0,-0.0017951822318706956,high
2023-02-27,0.0013189349600197797,-0.0003722546221615053,-0.003874371445058089,37.30112933805952,2023,IS_2023,1.0,-0.0003722546221615053,low
2023-02-28,0.003048337930033451,-0.0022123436369275717,0.0007257947452461444,59.51516911017564,2023,IS_2023,1.0,-0.0022123436369275717,mid
2023-03-01,-2.074344507130288e-05,0.0016533422627766914,-0.007197975439761084,62.6452041154995,2023,IS_2023,-1.0,-0.0016533422627766914,mid
2023-03-02,0.003331224963103452,0.0012655076552841038,0.017562724014337006,55.02846299810246,2023,IS_2023,1.0,0.0012655076552841038,mid
2023-03-03,0.0045324378334947735,0.00044690013813286633,0.01464801499824886,72.51900533591545,2023,IS_2023,1.0,0.00044690013813286633,high
2023-03-06,0.0018000525858059557,0.0004871019463781323,-0.002993345873025466,39.843860607163805,2023,IS_2023,1.0,0.0004871019463781323,low
2023-03-07,0.0007708379820272615,0.0012547567623162337,-0.012597115443130469,40.3675680061667,2023,IS_2023,1.0,0.0012547567623162337,low
2023-03-08,-0.000553948421247008,0.0050741608118656245,0.0037750559077573964,50.06052399417329,2023,IS_2023,-1.0,-0.0050741608118656245,mid
2023-03-09,0.006573440849239498,0.0007293186080432612,-0.01959783607226706,89.41512707971827,2023,IS_2023,1.0,0.0007293186080432612,high
2023-03-10,-0.009069728740223049,-0.001938597045746726,-0.014707106007655235,135.21384589781994,2023,IS_2023,-1.0,0.001938597045746726,high
2023-03-13,0.010132982113268518,-0.0030917712924857232,0.013744317457619948,184.1781025619238,2023,IS_2023,1.0,-0.0030917712924857232,high
2023-03-14,0.004347466048360449,0.010184859337156071,0.010247598542563852,73.4928784365684,2023,IS_2023,1.0,0.010184859337156071,high
2023-03-15,-0.000248200546041244,0.00024474811340002844,0.014354264912716186,65.359477124183,2023,IS_2023,-1.0,-0.00024474811340002844,mid
2023-03-16,0.005893427191618228,-0.0007940289026520109,0.030040108046165193,83.08095277072933,2023,IS_2023,1.0,-0.0007940289026520109,high
2023-03-20,-0.0045947872930365286,0.0025274464892188764,0.005545432939871642,81.99318703953101,2023,IS_2023,-1.0,-0.0025274464892188764,high
2023-03-21,0.0031114850981390774,0.0013803025000971303,0.00798418817635671,42.66061329523884,2023,IS_2023,1.0,0.0013803025000971303,low
2023-03-22,0.0007962556563283485,-0.01945795691452401,-0.013497504418247819,34.569148006447726,2023,IS_2023,1.0,-0.01945795691452401,low
2023-03-23,0.002703228315830364,0.0039659281834876214,-0.0006028782574873937,38.3119408790354,2023,IS_2023,1.0,0.0039659281834876214,low
2023-03-24,-0.0004287913929873488,0.0009509208406917047,0.005281930340889085,84.58884752567876,2023,IS_2023,-1.0,-0.0009509208406917047,high
2023-03-27,0.0010062503628307518,-0.0032317726078068265,-0.009249762950635732,65.40627358399288,2023,IS_2023,1.0,-0.0032317726078068265,mid
2023-03-28,-0.006594266705801766,0.0035072509457756418,-0.0034243224733392363,73.96536542412679,2023,IS_2023,-1.0,-0.0035072509457756418,high
2023-03-29,0.0021920890802924475,-0.0008474576271186862,0.006343479019961684,36.47015461017672,2023,IS_2023,1.0,-0.0008474576271186862,low
2023-03-30,0.0011098566754050854,0.0003440169715038799,0.0015691077135038256,33.86976405977918,2023,IS_2023,1.0,0.0003440169715038799,low
2023-03-31,0.003704552398411165,0.000300808422635912,0.016002138710663028,56.33211121295447,2023,IS_2023,1.0,0.000300808422635912,mid
2023-04-03,0.0013815291445873346,0.001849894291754861,0.0044284632853899275,48.06964420893262,2023,IS_2023,1.0,0.001849894291754861,mid
2023-04-04,-0.0003010971226405923,0.0029009688856866944,-0.004610549690434507,49.86921093735298,2023,IS_2023,-1.0,-0.0029009688856866944,mid
2023-04-05,-0.0027516842205143055,0.0018766756032171372,-0.00715437897333715,47.06328873707183,2023,IS_2023,-1.0,-0.0018766756032171372,low
2023-04-06,-0.0020749279538905263,-0.0002466886788872191,0.012199807877041335,46.3016330451489,2023,IS_2023,-1.0,0.0002466886788872191,low
2023-04-10,-0.004350742692860621,0.002055185537583215,0.009257307139434623,63.44034499281265,2023,IS_2023,-1.0,-0.002055185537583215,mid
2023-04-11,-0.004008587115527096,-0.0036003428897990464,-0.00628835229971314,51.48469707620115,2023,IS_2023,-1.0,0.0036003428897990464,mid
2023-04-12,-0.006973474196245388,0.0005984209408722574,-0.015087025917762453,111.7275974766284,2023,IS_2023,-1.0,-0.0005984209408722574,high
2023-04-13,0.0030319894072268205,-0.0007186489399928497,0.013970179040893482,46.82312755464297,2023,IS_2023,1.0,-0.0007186489399928497,low
2023-04-14,0.007249272218733838,0.0016718595637965628,0.003177502521072295,89.99752649504347,2023,IS_2023,1.0,0.0016718595637965628,high
2023-04-17,-3.7986704653381054e-05,0.0011385631333258317,0.002051282051282133,49.19278252611586,2023,IS_2023,-1.0,-0.0011385631333258317,mid
2023-04-18,-0.002108433734939741,0.0012335838457451231,-0.006833584337349374,41.98042168674699,2023,IS_2023,-1.0,-0.0012335838457451231,low
2023-04-19,0.0007260082917788235,-0.0014770209623359287,0.007451137731415036,39.930456047840124,2023,IS_2023,1.0,-0.0014770209623359287,low
2023-04-20,0.004922805807761499,0.0038959792726225295,0.0019537984139754716,60.14634333218404,2023,IS_2023,1.0,0.0038959792726225295,mid
2023-04-21,-0.004748138078918607,0.0009751061144889217,0.0023357776033390287,60.88338343129559,2023,IS_2023,-1.0,-0.0009751061144889217,mid
2023-04-24,0.0017396291340088244,0.000766327566718461,-0.0013955266679410716,61.17377174536418,2023,IS_2023,1.0,0.000766327566718461,mid
2023-04-25,-0.0006929339980367155,-0.0026280441511417063,-0.013839431794121615,38.111369892017784,2023,IS_2023,-1.0,0.0026280441511417063,low
2023-04-26,0.0008107951583946615,-0.0006593747575828202,-0.0052315592363081365,50.57817416652188,2023,IS_2023,1.0,-0.0006593747575828202,mid
2023-04-27,-0.0013227766807890617,-0.0006797454730839148,0.014608055518279262,37.57452600502272,2023,IS_2023,-1.0,0.0006797454730839148,low
2023-04-28,-0.0008509672661258794,0.0027658613682546296,0.00782889884835769,54.27280119513625,2023,IS_2023,-1.0,-0.0027658613682546296,mid
2023-05-01,0.0007330413698476423,-0.00030057108506165164,0.00024434712328247343,31.953085352329754,2023,IS_2023,1.0,-0.00030057108506165164,low
2023-05-02,-0.0009397789639876697,-0.0012309673509582897,-0.008739944365085295,35.71160063153146,2023,IS_2023,-1.0,0.0012309673509582897,low
2023-05-03,0.002594942702907499,-0.0018096961615391427,-0.0074817691069229975,40.91296524292073,2023,IS_2023,1.0,-0.0018096961615391427,low
2023-05-04,-0.0031530068219601803,-0.001071811361200381,-0.002656169383348339,45.09755212015822,2023,IS_2023,-1.0,0.001071811361200381,low
2023-05-05,0.003919554008029458,-0.0012555515994228106,0.014060924329775348,52.324143311071786,2023,IS_2023,1.0,-0.0012555515994228106,mid
2023-05-08,-0.0023118562514096164,0.0008431229273229146,0.004022253965867195,36.83933538831667,2023,IS_2023,-1.0,-0.0008431229273229146,low
2023-05-09,0.0021459227467810482,0.00020733592189081662,-0.001110609140877905,27.85934794066712,2023,IS_2023,1.0,0.00020733592189081662,low
2023-05-10,0.000710732054015617,-0.0015077341176032988,0.0032918116185987056,71.63430965473384,2023,IS_2023,1.0,-0.0015077341176032988,high
2023-05-11,-0.003090729672866721,-0.0004831366719316721,0.001489508276080409,45.430002420450954,2023,IS_2023,-1.0,0.0004831366719316721,low
2023-05-12,-0.0019305019305019266,0.0028631846847688713,-0.005234630234630222,35.825660825660826,2023,IS_2023,-1.0,-0.0028631846847688713,low
2023-05-15,-0.002962714517301124,0.0009101209160644608,0.004117986844802246,40.24819721616636,2023,IS_2023,-1.0,-0.0009101209160644608,low
2023-05-16,0.00370273891039008,-0.004026077160322772,0.0034422447156892133,60.471866626972314,2023,IS_2023,1.0,-0.004026077160322772,mid
2023-05-17,-0.003401109057301288,0.0004766007368981473,0.0088539741219964,47.689463955637706,2023,IS_2023,-1.0,-0.0004766007368981473,mid
2023-05-18,0.004339467179346412,0.003123533022785452,0.01728462876499126,47.78906893710519,2023,IS_2023,1.0,0.003123533022785452,mid
2023-05-19,-0.0001079272570287948,0.0013186416184971517,-0.0028780601874336398,36.515388628064684,2023,IS_2023,-1.0,-0.0013186416184971517,low
2023-05-22,0.005867273252455174,0.0,0.004116117850953227,72.03206239168111,2023,IS_2023,1.0,0.0,high
2023-05-23,0.0023497939411467605,-0.0009826042652303357,-0.007627792639722353,39.58499023931748,2023,IS_2023,1.0,-0.0009826042652303357,low
2023-05-24,-1.8324079673059934e-05,-0.002064907535998861,0.0006963150275778318,39.76325289062357,2023,IS_2023,-1.0,0.002064907535998861,low
2023-05-25,-0.005625324710224144,-0.00231964741359314,0.0016840144036975868,82.05091456314157,2023,IS_2023,-1.0,0.00231964741359314,high
2023-05-26,0.007133430823554665,-0.0009758137589740423,0.022434639940079215,77.93273174733388,2023,IS_2023,1.0,-0.0009758137589740423,high
2023-05-30,-0.004617505168849068,-0.0013352987080551548,-0.007787732598208086,90.79944865609923,2023,IS_2023,-1.0,0.0013352987080551548,high
2023-05-31,0.003192602930914168,-0.0012395684206850666,-0.0019713886950453174,61.5840893230984,2023,IS_2023,1.0,-0.0012395684206850666,mid
2023-06-01,0.0006819135543432164,-0.0007077018676424629,0.012256959015246816,50.18184361449154,2023,IS_2023,1.0,-0.0007077018676424629,mid
2023-06-02,-0.004245956027710496,0.0002915901957085687,0.0024925652794252073,106.23485121963797,2023,IS_2023,-1.0,-0.0002915901957085687,high
2023-06-05,0.0019734697029498705,-0.0002912654627694744,0.0013042060645582776,58.002848660614696,2023,IS_2023,1.0,-0.0002912654627694744,mid
2023-06-06,-0.0010644873291669743,-0.0004112476224746864,0.0015623926928096665,39.31735457729552,2023,IS_2023,-1.0,0.0004112476224746864,low
2023-06-07,0.0026726515787489635,-0.00165441816725298,-0.017851941955490114,57.05083177714197,2023,IS_2023,1.0,-0.00165441816725298,mid
2023-06-08,0.0028246617380387473,0.0007419421630201484,0.011281210768586902,48.123866648068066,2023,IS_2023,1.0,0.0007419421630201484,mid
2023-06-09,0.006317921953062022,-0.0005835907998626988,-0.0003605335897127748,76.57046714852268,2023,IS_2023,1.0,-0.0005835907998626988,high
2023-06-12,-0.0005641893624660499,0.0022173699622538567,0.012292489442820242,25.30303807423364,2023,IS_2023,-1.0,-0.0022173699622538567,low
2023-06-13,-0.004878294105813752,0.0017971413695225813,-0.00010058338362506358,78.28740025481123,2023,IS_2023,-1.0,-0.0017971413695225813,high
2023-06-14,0.0015760441292356209,0.003961355886875628,0.00707543215465356,46.94599533893332,2023,IS_2023,1.0,0.003961355886875628,low
2023-06-15,0.004044793581815087,-0.002167701251354792,0.01557746949690797,71.87029918101287,2023,IS_2023,1.0,-0.002167701251354792,high
2023-06-20,0.0008546165729874655,0.00011474093136842889,0.0027610689281136747,69.84846990763567,2023,IS_2023,1.0,0.00011474093136842889,high
2023-06-21,-0.004867860608153696,-0.003378322431067282,-0.010294867367243943,67.59090236321477,2023,IS_2023,-1.0,0.003378322431067282,high
2023-06-22,0.00677502252778428,0.0035124750581290165,0.015485765777792704,88.60928478456762,2023,IS_2023,1.0,0.0035124750581290165,high
2023-06-23,-0.0015455179978063338,-0.00014938007269826858,0.0010968192242497565,68.13573968823744,2023,IS_2023,-1.0,0.00014938007269826858,high
2023-06-26,0.006650483822698172,-0.004289184887325104,-0.011920992252186347,76.64682605659561,2023,IS_2023,1.0,-0.004289184887325104,high
2023-06-27,0.0027484037472138567,-0.0020146973825447834,0.01277002228888402,48.59982235927,2023,IS_2023,1.0,-0.0020146973825447834,mid
2023-06-28,0.004108586446655016,0.002317190241318823,0.007318939419142412,54.892045643567656,2023,IS_2023,1.0,0.002317190241318823,mid
2023-06-29,-0.0013889577856044388,0.0015915910937214228,-0.0010582535509366942,44.149015328141274,2023,IS_2023,-1.0,-0.0015915910937214228,low
2023-06-30,0.004065040650406582,-0.0016117740911385514,0.005179648570679207,60.31995803829006,2023,IS_2023,1.0,-0.0016117740911385514,mid
2023-07-05,0.005214633667898205,-0.0016898753716912962,0.004331905711576711,67.5123418445745,2023,IS_2023,1.0,-0.0016898753716912962,high
2023-07-06,-0.0025006580679125534,-6.563079396848526e-05,0.0026158199526191694,55.93577257172941,2023,IS_2023,-1.0,6.563079396848526e-05,mid
2023-07-07,0.003449295358233906,-0.004426011835483523,-0.002447357182746912,57.81676029039782,2023,IS_2023,1.0,-0.004426011835483523,mid
2023-07-10,-0.0035270461812307863,0.0013348934557260161,0.001417411082176967,85.20948017272637,2023,IS_2023,-1.0,-0.0013348934557260161,high
2023-07-11,-0.002351664254703345,0.002628379932319236,0.003716616234705983,60.518352848309426,2023,IS_2023,-1.0,-0.002628379932319236,mid
2023-07-12,0.002106252329028946,0.0005989962765096113,0.0013933669253576308,39.85677484162602,2023,IS_2023,1.0,0.0005989962765096113,low
2023-07-13,0.0019099590723055115,-0.0007634559104211514,0.008329989567450458,44.458711178878104,2023,IS_2023,1.0,-0.0007634559104211514,low
2023-07-14,0.005374634270449041,0.001546679422785635,-0.0012084976466097963,57.403638213967696,2023,IS_2023,1.0,0.001546679422785635,mid
2023-07-17,0.000667524912983275,-0.0015281847685666428,0.0072792002415804635,46.24994039956134,2023,IS_2023,1.0,-0.0015281847685666428,low
2023-07-18,-0.0022920914939694725,-0.0022331537440462013,0.00997454988065316,52.4809914481276,2023,IS_2023,-1.0,0.0022331537440462013,mid
2023-07-19,-0.0006557274671745716,-0.0015486414191187015,-0.0034816005995222943,37.1578898065604,2023,IS_2023,-1.0,0.0015486414191187015,low
2023-07-20,0.0017210073419120508,0.002266480204465404,-0.015520644193573907,39.94631720217889,2023,IS_2023,1.0,0.002266480204465404,low
2023-07-21,-0.004206970184692405,-0.0009002347040478753,-0.009609102353672294,62.46713304543209,2023,IS_2023,-1.0,0.0009002347040478753,mid
2023-07-24,-0.004653849857174985,0.0023345677024633193,-0.0009468177295631763,86.65789389222326,2023,IS_2023,-1.0,-0.0023345677024633193,high
2023-07-25,0.004746936942715996,-0.0021175646414469673,0.0051157867727242845,52.60119314901534,2023,IS_2023,1.0,-0.0021175646414469673,mid
2023-07-26,0.0004801843908059933,0.0023754875367156814,-0.0004001536590050314,46.898008835392794,2023,IS_2023,1.0,0.0023754875367156814,low
2023-07-27,0.0022892688548918905,-0.0003692584327388282,-0.0169721656483367,51.15331786103349,2023,IS_2023,1.0,-0.0003692584327388282,mid
2023-07-28,0.0032247303458246,0.0003155619369190621,0.007116646280440397,66.08314403266033,2023,IS_2023,1.0,0.0003155619369190621,high
2023-07-31,-0.002017654476670905,0.0021321288121674,0.00018915510718797712,62.89407313997478,2023,IS_2023,-1.0,-0.0021321288121674,mid
2023-08-01,-0.0010761877631121353,-0.001105199172679483,0.0012819295413541987,27.696008609502105,2023,IS_2023,-1.0,0.001105199172679483,low
2023-08-02,-0.004244455082176524,0.002154195011337956,-0.012717408648476147,55.68852720599968,2023,IS_2023,-1.0,-0.002154195011337956,mid
2023-08-03,0.005143898945175085,-0.000680018781471059,0.00470438859226463,69.5077484047402,2023,IS_2023,1.0,-0.000680018781471059,high
2023-08-04,-0.004061502756019686,-0.0013005592404734534,-0.009895883699190922,92.51200722044933,2023,IS_2023,-1.0,0.0013005592404734534,high
2023-08-07,-0.0030129264262804822,0.0027194146783644513,0.0034340881847927385,64.63213140246866,2023,IS_2023,-1.0,-0.0027194146783644513,mid
2023-08-08,-0.005527017361336872,0.0011250244570533141,-0.0018694323428051218,68.6000390142402,2023,IS_2023,-1.0,-0.0011250244570533141,high
2023-08-09,-0.005321919145888976,-0.004524812695706371,-0.011766812056506759,68.1921749886075,2023,IS_2023,-1.0,0.004524812695706371,high
2023-08-10,0.007940787216312861,-0.00032882838446612883,-0.006551966406875498,99.50492622910642,2023,IS_2023,1.0,-0.00032882838446612883,high
2023-08-11,-0.0014411847532592725,-0.0010253696292130687,0.0006129176536848746,42.90423575794723,2023,IS_2023,-1.0,0.0010253696292130687,low
2023-08-14,0.0032020971247490593,0.0031857593273778573,0.013554991455543952,60.557795364425196,2023,IS_2023,1.0,0.0031857593273778573,mid
2023-08-15,-0.0028571428571428914,0.0010769434687520896,-0.007865353037766809,55.172413793103445,2023,IS_2023,-1.0,-0.0010769434687520896,mid
2023-08-16,0.0014423316036407119,-0.0018040892690097676,-0.009333709113214739,50.896069231916975,2023,IS_2023,1.0,-0.0018040892690097676,mid
2023-08-17,-0.004368341197458991,-0.0015376816492057577,-0.014805675508945071,66.35877086216384,2023,IS_2023,-1.0,0.0015376816492057577,high
2023-08-18,0.000597994156742887,-0.0002880477142567228,0.008064378342360179,50.231509166396144,2023,IS_2023,1.0,-0.0002880477142567228,mid
2023-08-21,0.007073520722545856,-0.0002001334222815343,0.012036802566050442,72.92985565966067,2023,IS_2023,1.0,-0.0002001334222815343,high
2023-08-22,-0.005731703276678934,-0.0006679915165077599,-0.008696948613457933,62.618030016896924,2023,IS_2023,-1.0,0.0006679915165077599,mid
2023-08-23,0.005646517980578691,-0.001904511722597979,0.012575578393324127,70.45655179306095,2023,IS_2023,1.0,-0.001904511722597979,high
2023-08-24,-0.007287013791529406,-0.004221883429107565,-0.031055394346450993,100.90965407062046,2023,IS_2023,-1.0,0.004221883429107565,high
2023-08-25,0.0034570138784004723,-0.0023646173316459462,0.005386900266827865,42.121868130024,2023,IS_2023,1.0,-0.0023646173316459462,low
2023-08-28,-0.0030137439973505487,0.0029743112558573426,-0.00048021195562175656,80.8080808080808,2023,IS_2023,-1.0,-0.0029743112558573426,high
2023-08-29,0.005289601538793098,-0.0008265132485212323,0.022335715588571725,74.45238529523935,2023,IS_2023,1.0,-0.0008265132485212323,high
2023-08-30,0.0031622476283141854,0.0005163289015102102,0.00556231249493222,58.704289305116355,2023,IS_2023,1.0,0.0005163289015102102,mid
2023-08-31,0.004792718940115126,-0.002488600603686386,0.002581936129355089,51.154609562845934,2023,IS_2023,1.0,-0.002488600603686386,mid
2023-09-01,-0.004701592784494335,0.0004512344485270159,-0.0072282991108552075,98.50956310369091,2023,IS_2023,-1.0,-0.0004512344485270159,high
2023-09-05,-0.0012433994864922138,-0.0010931948619841148,0.0033587934180567824,39.239750028259074,2023,IS_2023,-1.0,0.0010931948619841148,low
2023-09-06,-0.0010806800219361756,0.0024576422909783346,-0.006548598341882039,34.6785380173554,2023,IS_2023,-1.0,-0.0024576422909783346,low
2023-09-07,-0.0005098516496168104,-0.0005397448478901001,0.005016282359132873,54.93240353935726,2023,IS_2023,-1.0,0.0005397448478901001,mid
2023-09-08,0.003912132521443068,0.0020144780372759463,0.001456819223466299,66.62083415177109,2023,IS_2023,1.0,0.0020144780372759463,high
2023-09-11,-0.003583009079118016,-0.0010973228549758796,0.003583009079118016,62.581063553826205,2023,IS_2023,-1.0,0.0010973228549758796,mid
2023-09-12,0.0030834144758196125,0.00027781409334548535,-0.006669912366114916,46.900357026939304,2023,IS_2023,1.0,0.00027781409334548535,low
2023-09-13,0.002857656068844916,0.000684150513112991,0.0031515864073548006,44.57943467398227,2023,IS_2023,1.0,0.000684150513112991,low
2023-09-14,-0.0024150282833849124,-0.0003713930468762783,0.0033875228941440128,65.48130379110816,2023,IS_2023,-1.0,0.0003713930468762783,mid
2023-09-18,0.0035003174706542683,0.0005193034842017052,0.003744525666281362,59.91241066050177,2023,IS_2023,1.0,0.0005193034842017052,mid
2023-09-19,-0.00333767502442206,0.001025290498974707,0.001449039400846619,45.587756431129925,2023,IS_2023,-1.0,-0.001025290498974707,low
2023-09-20,-0.0004539779820679213,-0.006572693001147378,-0.017316017316017285,39.074533456555926,2023,IS_2023,-1.0,0.006572693001147378,low
2023-09-21,-0.0036362423271950606,-0.0022825302519174917,-0.00842340539097941,60.71523885775287,2023,IS_2023,-1.0,0.0022825302519174917,mid
2023-09-22,0.0008200836820084767,-0.005701578384162631,-0.0047364016736402,41.84100418410041,2023,IS_2023,1.0,-0.005701578384162631,low
2023-09-25,0.003473978886303186,0.0030891660930443265,0.00757192485412661,76.89972680360214,2023,IS_2023,1.0,0.0030891660930443265,high
2023-09-26,-0.0035413153456997915,0.002316904887647242,-0.007841483979763919,55.48060708263069,2023,IS_2023,-1.0,-0.002316904887647242,mid
2023-09-27,0.0007625567681148748,-0.0014730283430970381,-0.00062699112045006,38.46675252491019,2023,IS_2023,1.0,-0.0014730283430970381,low
2023-09-28,0.0033514800952705315,-0.003437348044065147,0.01112623341272534,61.07519564477713,2023,IS_2023,1.0,-0.003437348044065147,mid
2023-09-29,0.0020664600206645733,-0.0006049505116872966,-0.008882445088824409,44.995500449955,2023,IS_2023,1.0,-0.0006049505116872966,low
2023-10-02,0.00319354567610719,0.004641809803100028,0.007681317757794792,76.14085217245147,2023,IS_2023,1.0,0.004641809803100028,high
2023-10-03,0.004687421246282852,0.0037505540591222797,-0.010802909897347113,68.04321163958939,2023,IS_2023,1.0,0.0037505540591222797,high
2023-10-04,0.0033044126618315683,0.00011730795012732109,0.011302785874059529,57.95431437673693,2023,IS_2023,1.0,0.00011730795012732109,mid
2023-10-05,-0.004846066134549631,-0.0011086846967914843,-0.0028841639278288644,72.10409819572071,2023,IS_2023,-1.0,0.0011086846967914843,high
2023-10-06,0.0017303679576567976,-0.0024422039240276083,0.02554837396305154,67.0093473798497,2023,IS_2023,1.0,-0.0024422039240276083,high
2023-10-09,0.0028143682659160785,-0.00011518841533653124,0.011890289596829362,75.27186131326084,2023,IS_2023,1.0,-0.00011518841533653124,high
2023-10-10,0.0025985132557069246,-0.0011283728536386484,0.004555621340701199,40.29340174988487,2023,IS_2023,1.0,-0.0011283728536386484,low
2023-10-11,0.0003262589517298853,0.0023629874680182184,0.003376780150405434,45.67625324219833,2023,IS_2023,1.0,0.0023629874680182184,low
2023-10-12,-0.0004547595458901377,0.0008986047119563523,-0.0050348378294976515,32.645238829968655,2023,IS_2023,-1.0,-0.0008986047119563523,low
2023-10-13,0.0003096025680717762,0.0008107616195376366,-0.014388371979338066,41.877821049715656,2023,IS_2023,1.0,0.0008107616195376366,low
2023-10-16,0.003410045632011638,-0.0025110879206887704,0.007759089336606184,60.12882394609821,2023,IS_2023,1.0,-0.0025110879206887704,mid
2023-10-17,-0.003930376193149954,0.0015113681167038262,0.006770816131056678,60.60706146579912,2023,IS_2023,-1.0,-0.0015113681167038262,mid
2023-10-18,0.002230556978338738,-0.00026617867243383664,-0.007088214397832249,50.39406506617319,2023,IS_2023,1.0,-0.00026617867243383664,mid
2023-10-19,-0.0019552609776304353,-0.0006881041890440809,-0.01337199668599831,58.16072908036455,2023,IS_2023,-1.0,0.0006881041890440809,mid
2023-10-20,-0.001682085786375076,-0.002398530262307297,-0.01354079058031965,50.630782169890665,2023,IS_2023,-1.0,0.002398530262307297,mid
2023-10-23,0.0023283684300634544,-0.0020865847865916276,0.0071049477829139285,87.99863037151172,2023,IS_2023,1.0,-0.0020865847865916276,high
2023-10-24,0.003332600274051467,-0.0003534996465003326,0.004601356723563432,53.79527345930675,2023,IS_2023,1.0,-0.0003534996465003326,mid
2023-10-25,-0.00610521317369328,-0.0007937740504909696,-0.017993419936912836,97.68341077909304,2023,IS_2023,-1.0,0.0007937740504909696,high
2023-10-26,-0.006258343012672696,-0.004907287321672671,-0.01568919785725431,100.89627793283984,2023,IS_2023,-1.0,0.004907287321672671,high
2023-10-27,0.0014153910673098125,0.0006663627117455828,-0.002865730062207361,46.13126441602013,2023,IS_2023,1.0,0.0006663627117455828,low
2023-10-30,0.0059168508431513,-0.00204176976450432,0.003689330525729506,98.67218906078693,2023,IS_2023,1.0,-0.00204176976450432,high
2023-10-31,-0.005496124971825833,0.00020708935905844328,0.004871959359883382,81.48828822580926,2023,IS_2023,-1.0,-0.00020708935905844328,high
2023-11-01,0.0018422547821146384,0.000814622473397586,0.015323427626934727,45.62593619255866,2023,IS_2023,1.0,0.000814622473397586,low
2023-11-02,-0.00026808753057872003,0.0004168542510796236,0.005294728728929998,34.6838242686237,2023,IS_2023,-1.0,-0.0004168542510796236,low
2023-11-03,0.004866786260049105,-0.00143127416303368,0.008205434854826832,65.94246229486413,2023,IS_2023,1.0,-0.00143127416303368,high
2023-11-06,0.0007892659826360671,0.0018084669132758524,0.0019567219152853976,39.79215995790582,2023,IS_2023,1.0,0.0018084669132758524,low
2023-11-07,0.0014401911526438216,-0.0014126128466583898,0.006513591804003127,51.87961311228582,2023,IS_2023,1.0,-0.0014126128466583898,mid
2023-11-08,9.747538746474049e-05,0.0009271609356191757,-0.0003086720603048265,28.267862364752897,2023,IS_2023,1.0,0.0009271609356191757,low
2023-11-09,0.0012009477750007935,0.00016386726751327352,-0.009461520984128002,37.32675516894414,2023,IS_2023,1.0,0.00016386726751327352,low
2023-11-10,0.0032131265188954927,0.0004810853285011074,0.01758248927598638,55.618078321997686,2023,IS_2023,1.0,0.0004810853285011074,mid
2023-11-13,-0.0025274070735201715,-0.001605368351768277,0.0011590656642894714,47.489495967417376,2023,IS_2023,-1.0,0.001605368351768277,mid
2023-11-14,0.0031937768783203424,-0.001948490705385053,0.00422147735896794,48.85529977232482,2023,IS_2023,1.0,-0.001948490705385053,mid
2023-11-15,-0.002459697002929695,-0.0003774415751894855,-0.004183051590969655,42.300521706434374,2023,IS_2023,-1.0,0.0003774415751894855,low
2023-11-16,0.002428907149504056,0.0013384983623079272,0.0029336151286216694,45.896881851016516,2023,IS_2023,1.0,0.0013384983623079272,low
2023-11-17,0.0006776882949046659,-0.0006757500039288322,0.002190666813761899,31.04758002237947,2023,IS_2023,1.0,-0.0006757500039288322,low
2023-11-20,0.006369927650204499,-0.001071046054980318,0.012173639509279743,64.32840515885499,2023,IS_2023,1.0,-0.001071046054980318,mid
2023-11-21,-0.0017329669643414425,-0.00017196904557181814,-0.0015300068694186209,25.29195029038906,2023,IS_2023,-1.0,0.00017196904557181814,low
2023-11-22,-0.00020224334541607547,-0.000529380624669118,-0.0013534746962460265,86.18677950808195,2023,IS_2023,-1.0,0.000529380624669118,high
2023-11-27,0.000562535158447508,-0.0019639628405760945,0.0005312832052002392,42.03387711731983,2023,IS_2023,1.0,-0.0019639628405760945,low
2023-11-28,-0.0004381983786659882,0.0026396763663059097,0.004601082975993043,30.673886506619926,2023,IS_2023,-1.0,-0.0026396763663059097,low
2023-11-29,0.002910712350400191,0.00024965672200716327,-0.007509018563532477,38.39663100527954,2023,IS_2023,1.0,0.00024965672200716327,low
2023-11-30,-0.0034617183845314647,0.006122609585268002,-0.003212225167628202,65.49196943708093,2023,IS_2023,-1.0,-0.006122609585268002,mid
2023-12-01,-0.0012395267831926127,-0.0003898635477582735,0.005742617755044366,42.52047572724135,2023,IS_2023,-1.0,0.0003898635477582735,low
2023-12-04,-0.001434200157604426,0.002225940894165168,0.0005516154452325228,33.72734436564224,2023,IS_2023,-1.0,-0.002225940894165168,low
2023-12-05,0.0040053827277763965,0.0010537739261728962,0.007646639753027706,51.294229399192595,2023,IS_2023,1.0,0.0010537739261728962,mid
2023-12-06,-0.005285807839835344,-0.0007581980160484836,-0.013627716967599124,63.30495524994543,2023,IS_2023,-1.0,0.0007581980160484836,mid
2023-12-07,-0.001710152658581321,-0.0003272965306567732,0.006338547468503375,59.30621146272966,2023,IS_2023,-1.0,0.0003272965306567732,mid
2023-12-08,0.0022092003008273853,-0.0006052705093584354,0.008946477813988496,49.35447480571572,2023,IS_2023,1.0,-0.0006052705093584354,mid
2023-12-11,0.005131394806406453,0.001063714986048403,0.009734100450940808,59.088788679832064,2023,IS_2023,1.0,0.001063714986048403,mid
2023-12-12,0.0014014877331320896,0.0008715196550617144,0.008147110009086633,43.58472840399809,2023,IS_2023,1.0,0.0008715196550617144,low
2023-12-13,9.147317549129674e-05,0.0034980919498455165,0.010275486713521298,36.43681490402939,2023,IS_2023,1.0,0.0034980919498455165,low
2023-12-14,0.0017612789594905198,0.0013769519428641352,-0.0037634165801080366,38.68792244351112,2023,IS_2023,1.0,0.0013769519428641352,low
2023-12-18,0.00189950434808428,-0.0018709487330583752,0.005446235123022669,29.976552993203335,2023,IS_2023,1.0,-0.0018709487330583752,low
2023-12-19,0.0016811927620228317,0.001412013884803276,0.004055508855756562,30.08450205724904,2023,IS_2023,1.0,0.001412013884803276,low
2023-12-20,0.001825086102852369,-0.0016971609772074014,-0.013025816137293589,31.203084984251273,2023,IS_2023,1.0,-0.0016971609772074014,low
2023-12-21,-0.0016989466530751285,0.0006493698161103012,0.0016693997547607697,43.28620603052195,2023,IS_2023,-1.0,-0.0006493698161103012,low
2023-12-22,0.001367707398855833,-0.0005738669805768204,-0.0011176963689574215,30.736650146329985,2023,IS_2023,1.0,-0.0005738669805768204,low
2023-12-26,0.0018519062876627412,-0.0009356451565744051,0.004409300684911299,27.33766424645051,2023,IS_2023,1.0,-0.0009356451565744051,low
2023-12-27,0.0013895592903008236,0.001946322474902784,0.0014626939897903757,17.552327877484753,2023,IS_2023,1.0,0.001946322474902784,low
2023-12-28,-0.0013849809747350506,-0.0005409356725146752,-0.0033531118335690113,25.804382371379006,2023,IS_2023,-1.0,0.0005409356725146752,low
2023-12-29,0.00040962022353552285,-0.0009099181073702889,-0.004096202235356117,19.749546491895373,2023,IS_2023,1.0,-0.0009099181073702889,low
2024-01-02,-0.005826797337168399,0.004520673445173706,-0.008347294913042869,91.33097098462497,2024,OOS_2024,-1.0,-0.004520673445173706,high
2024-01-03,0.0002257676098735839,-0.0010568749716908243,-0.004169175195665287,36.57435279951836,2024,OOS_2024,1.0,-0.0010568749716908243,low
2024-01-04,0.0004558369926914718,-0.002502274795268433,-0.0005773935240758199,34.64361144454743,2024,OOS_2024,1.0,-0.002502274795268433,low
2024-01-05,0.0013526452573826564,0.0027255009440283473,0.0008814991564964902,35.25996625985987,2024,OOS_2024,1.0,0.0027255009440283473,low
2024-01-08,0.0070554748062015005,0.0013708223444042211,0.017517562984496138,77.51937984496124,2024,OOS_2024,1.0,0.0013708223444042211,high
2024-01-09,0.0021446675765255385,0.00034173303221196605,0.009748488984207437,32.394978778289364,2024,OOS_2024,1.0,0.00034173303221196605,low
2024-01-10,-0.00016330166270783764,0.00016234964209282943,0.00602731591448924,35.926365795724465,2024,OOS_2024,-1.0,-0.00016234964209282943,low
2024-01-11,-0.001545526803850561,0.0010916386381070176,-0.0011186670199299087,68.73914451411581,2024,OOS_2024,-1.0,-0.0010916386381070176,high
2024-01-12,-0.0012935089369708885,0.0010616806995296102,-0.002101952022577569,40.27516462841015,2024,OOS_2024,-1.0,-0.0010616806995296102,low
2024-01-16,-0.0001921144410947928,0.0023037391458444745,0.0030147189217946124,53.939823845835555,2024,OOS_2024,-1.0,-0.0023037391458444745,mid
2024-01-17,-0.0070281273680925516,0.003778581098168754,0.002585399919763365,82.76251467288748,2024,OOS_2024,-1.0,-0.003778581098168754,high
2024-01-18,0.0018091427899040724,1.4612405932590278e-05,0.006589398129081658,35.00617756074602,2024,OOS_2024,1.0,1.4612405932590278e-05,low
2024-01-19,0.001032532030307065,0.000688448409397413,0.014644503584776647,27.049430653112868,2024,OOS_2024,1.0,0.000688448409397413,low
2024-01-22,0.0006846091309742341,-0.0014011809954104226,-0.0038509263617303446,53.05720765050704,2024,OOS_2024,1.0,-0.0014011809954104226,mid
2024-01-23,-0.000786275911365264,0.0011279430031838622,0.002401715511079372,44.8892065761258,2024,OOS_2024,-1.0,-0.0011279430031838622,low
2024-01-24,-0.0012858555885262302,0.000454113272879475,-0.003829306203193439,32.7822523668221,2024,OOS_2024,-1.0,-0.000454113272879475,low
2024-01-25,-0.003018846631305694,0.0022872242190052905,-0.004739871346349123,37.38291389233721,2024,OOS_2024,-1.0,-0.0022872242190052905,low
2024-01-26,-0.0005125941535788492,-0.0005701498068617639,-0.0016232148196665408,30.613261949851207,2024,OOS_2024,-1.0,0.0005701498068617639,low
2024-01-29,0.0005841121495326895,0.0002259376412110381,0.00911784818782757,30.630271255983587,2024,OOS_2024,1.0,0.0002259376412110381,low
2024-01-30,0.00042464648180384756,-0.0008665265071878814,-0.004416323410760592,17.41050575395983,2024,OOS_2024,1.0,-0.0008665265071878814,low
2024-01-31,-0.0017528735632184045,-0.0034108482317064537,-0.009267241379310343,45.54597701149425,2024,OOS_2024,-1.0,0.0034108482317064537,low
2024-02-01,-0.00020223031143462578,0.00011469040758105287,0.007699196856763235,30.33454671520194,2024,OOS_2024,-1.0,-0.00011469040758105287,low
2024-02-02,0.004926389741685799,-0.0020544571870823036,0.012680098813382612,90.53133612257429,2024,OOS_2024,1.0,-0.0020544571870823036,high
2024-02-05,-0.0010438560607128888,-0.0009878773338601876,-0.0014388286242259518,34.27797604773526,2024,OOS_2024,-1.0,0.0009878773338601876,low
2024-02-06,-0.004903894932641872,0.0014600816511680659,-0.004467053717377878,65.38526576855871,2024,OOS_2024,-1.0,-0.0014600816511680659,mid
2024-02-07,-0.001561313190986624,-0.0008400420021000832,0.003811854727543862,33.47680535628886,2024,OOS_2024,-1.0,0.0008400420021000832,low
2024-02-08,0.0008550243191343121,-0.00026580489920402517,0.0016679982619178801,24.949889968181886,2024,OOS_2024,1.0,-0.00026580489920402517,low
2024-02-09,0.0017588921771176658,-0.00016627868307284022,0.0072589200960411215,38.52811435591043,2024,OOS_2024,1.0,-0.00016627868307284022,low
2024-02-12,0.0005962367753296061,-0.0005702760970860421,-0.003674482452613037,24.265450158765375,2024,OOS_2024,1.0,-0.0005702760970860421,low
2024-02-13,0.0026378488767868635,0.006060088767497529,0.002978216473791706,55.16791468118901,2024,OOS_2024,1.0,0.006060088767497529,mid
2024-02-14,2.810765230831791e-05,0.0018080394685204837,0.004525332021642958,42.72363150867824,2024,OOS_2024,1.0,0.0018080394685204837,low
2024-02-15,-0.0039831171735241755,0.001005811354492625,0.0014534883720929148,51.85040250447227,2024,OOS_2024,-1.0,-0.001005811354492625,mid
2024-02-16,-0.008618405455534273,-0.0023189464955799544,-0.010026915084998644,98.17730486563377,2024,OOS_2024,-1.0,0.0023189464955799544,high
2024-02-20,-0.005577181683063204,0.0014641704692452961,-0.0027602802746125032,102.34269941255575,2024,OOS_2024,-1.0,-0.0014641704692452961,high
2024-02-21,-0.0012432301118907585,0.006658630388611364,0.0024150102173510213,36.29660326669429,2024,OOS_2024,-1.0,-0.006658630388611364,low
2024-02-22,0.0014388690210103139,-0.000789080237000972,0.00831191327670977,59.370809119356274,2024,OOS_2024,1.0,-0.000789080237000972,mid
2024-02-23,-0.00142221976747392,0.0007928890372657094,-0.0065725884399767676,46.39474192924802,2024,OOS_2024,-1.0,-0.0007928890372657094,low
2024-02-26,-0.0017622001137798105,-0.00205390102417502,-0.0022062190400865545,47.03825500561962,2024,OOS_2024,-1.0,0.00205390102417502,low
2024-02-27,-0.0015539799925076148,-0.00044380955022671476,-2.774964272334035e-05,47.86813369777864,2024,OOS_2024,-1.0,0.00044380955022671476,mid
2024-02-28,-0.0015203291721876955,-0.00043235101323546576,-0.0003486993514192349,39.33328684008648,2024,OOS_2024,-1.0,0.00043235101323546576,low
2024-02-29,0.0013033832501385678,0.000955691907090106,0.002052135330005589,28.702163061564058,2024,OOS_2024,1.0,0.000955691907090106,low
2024-03-01,0.00201696460641565,-0.0005451076587625892,0.01317934407205823,28.04409692481972,2024,OOS_2024,1.0,-0.0005451076587625892,low
2024-03-04,-0.001854857407836752,-0.003411385841384229,-0.00391429467683202,25.50428935775562,2024,OOS_2024,-1.0,0.003411385841384229,low
2024-03-05,-0.005238850210243284,0.00504434822817279,-0.011139449920727906,61.763286689184525,2024,OOS_2024,-1.0,-0.00504434822817279,mid
2024-03-06,-0.0031898587348274665,0.0014151925078043082,-0.0033141389452753245,49.71208417912921,2024,OOS_2024,-1.0,-0.0014151925078043082,mid
2024-03-07,0.0005774862847007789,0.00030048487331835183,0.006984834110189908,58.84860234569429,2024,OOS_2024,1.0,0.00030048487331835183,mid
2024-03-08,0.0037940823233977294,-0.0005816852251953053,-0.015149033737307582,55.68293481821159,2024,OOS_2024,1.0,-0.0005816852251953053,mid
2024-03-11,-0.004269522286350025,0.0005985690024779,-0.0003337737292260501,57.29782351714067,2024,OOS_2024,-1.0,-0.0005985690024779,mid
2024-03-12,-0.0009272329707437077,0.00037047200878159714,0.008981704447950323,90.50900938304409,2024,OOS_2024,-1.0,-0.00037047200878159714,high
2024-03-13,-0.004881402543829516,0.0008303349017437789,-0.005568924028875877,51.15159848745273,2024,OOS_2024,-1.0,-0.0008303349017437789,mid
2024-03-14,-0.007296149177976385,0.004554888495772458,-0.005323844201699179,91.4432307183052,2024,OOS_2024,-1.0,-0.004554888495772458,high
2024-03-18,0.0002871362940275457,-0.0027216652762011018,-0.002980748195143268,46.07853861299496,2024,OOS_2024,1.0,-0.0027216652762011018,low
2024-03-19,-0.0029074173590729613,0.0020705069313990965,0.006986069199288902,54.70353988397889,2024,OOS_2024,-1.0,-0.0020705069313990965,mid
2024-03-20,-0.0032481711977290217,-6.761965297596984e-05,0.009089420242384572,48.44961240310077,2024,OOS_2024,-1.0,6.761965297596984e-05,mid
2024-03-21,-0.002113712374581911,-0.0014930191267855664,-0.0068896321070234245,44.414715719063544,2024,OOS_2024,-1.0,0.0014930191267855664,low
2024-03-22,-0.00036412677006070204,-1.3460943073639875e-05,0.0018610923803101809,24.814565070802427,2024,OOS_2024,-1.0,1.3460943073639875e-05,low
2024-03-25,0.0010699242926988095,-0.0011736930860033468,0.0027222124409171933,39.411135338651356,2024,OOS_2024,1.0,-0.0011736930860033468,low
2024-03-26,0.0011174688657018539,-0.0033221694036300597,-0.00636822618646915,24.099629754291485,2024,OOS_2024,1.0,-0.0033221694036300597,low
2024-03-27,-0.006247811919317003,0.0038239880669876936,-0.0032181617429241083,67.72951283225164,2024,OOS_2024,-1.0,-0.0038239880669876936,high
2024-03-28,0.0007027027027026733,-0.0020134863042391427,-0.0020000000000000018,43.108108108108105,2024,OOS_2024,1.0,-0.0020134863042391427,low
2024-04-01,0.0046214967163049625,0.0014213005576912963,-0.00028377611415908444,67.29547850058105,2024,OOS_2024,1.0,0.0014213005576912963,high
2024-04-02,-0.0017908407382091207,0.0012836619872180766,0.0023513328776487707,37.59398496240601,2024,OOS_2024,-1.0,-0.0012836619872180766,low
2024-04-03,0.0016035744634192994,0.0020181634712410634,0.007126997615196862,24.25920342095886,2024,OOS_2024,1.0,0.0020181634712410634,low
2024-04-04,-0.0012539607631631977,-0.0018775194654591099,-0.025146632508595723,33.16928470302703,2024,OOS_2024,-1.0,0.0018775194654591099,low
2024-04-05,0.0037214687396625035,0.00019136401536390402,0.008559378101223869,69.32958429815857,2024,OOS_2024,1.0,0.00019136401536390402,high
2024-04-08,-0.0016093615744465772,-0.0009828009828010131,-0.0018139414356050931,54.28185649404673,2024,OOS_2024,-1.0,0.0009828009828010131,mid
2024-04-09,-0.002650717052946394,0.001868725447402797,-0.0015768368109835285,37.92564398830966,2024,OOS_2024,-1.0,-0.001868725447402797,low
2024-04-10,0.0021775082690187464,0.0005500096251684905,0.0028390297684675048,55.26460859977949,2024,OOS_2024,1.0,0.0005500096251684905,mid
2024-04-11,-0.00024636947208500626,-0.0010809496142361041,0.011880483431653044,28.058745431899375,2024,OOS_2024,-1.0,0.0010809496142361041,low
2024-04-12,0.002240804503470528,0.002260198456449869,-0.006339837131770221,34.02197081488769,2024,OOS_2024,1.0,0.002260198456449869,low
2024-04-15,-0.0017043207940771188,0.0009939244617409582,-0.02506033295611032,42.67619268369169,2024,OOS_2024,-1.0,-0.0009939244617409582,low
2024-04-16,0.0016509730947351642,-0.003803340809986233,0.000461712814629367,49.66910581618233,2024,OOS_2024,1.0,-0.003803340809986233,mid
2024-04-17,-0.003689317685057536,-9.911644766646965e-05,-0.0168734076765652,47.33464199696501,2024,OOS_2024,-1.0,9.911644766646965e-05,mid
2024-04-18,-0.0035646589526692196,-0.0009822203874788604,-0.007270772625682542,71.71754321441706,2024,OOS_2024,-1.0,0.0009822203874788604,high
2024-04-19,-0.0023006573306658673,2.9101491451521966e-05,-0.017905115747356426,50.58588168048014,2024,OOS_2024,-1.0,-2.9101491451521966e-05,mid
2024-04-22,-0.00033258621936227417,-0.002257076726232432,0.003571686790543094,39.042730099052854,2024,OOS_2024,-1.0,0.002257076726232432,low
2024-04-23,0.0041454493294126316,-0.0009929359698147566,0.010227354227928087,65.40916588969375,2024,OOS_2024,1.0,-0.0009929359698147566,mid
2024-04-24,0.0002819919914274216,-0.0006508298080052377,-0.004102983475269273,47.3746545598105,2024,OOS_2024,1.0,-0.0006508298080052377,mid
2024-04-25,0.00015846719008849597,-0.0017757195215500898,0.012302816394151206,42.20989699632644,2024,OOS_2024,1.0,-0.0017757195215500898,low
2024-04-26,0.005000918247700881,-0.002725290697674465,0.008052325992060627,76.0026558548886,2024,OOS_2024,1.0,-0.002725290697674465,high
2024-04-29,-0.003041040091510183,0.003221739739459384,-0.0009206818625673296,66.40069190636945,2024,OOS_2024,-1.0,-0.003221739739459384,high
2024-04-30,0.001990328684560838,-0.007249141549027116,-0.01529189151307031,35.74181792697456,2024,OOS_2024,1.0,-0.007249141549027116,low
2024-05-01,-0.0015284185867127098,-0.016156114630808127,-0.004013884325853145,35.56787178425015,2024,OOS_2024,-1.0,0.016156114630808127,low
2024-05-02,-0.004791560029574038,-0.001174373195993006,0.003710970824091442,67.96337371324574,2024,OOS_2024,-1.0,0.001174373195993006,high
2024-05-03,0.002408464429903834,-0.0008048401420959195,0.00245022970903519,55.40860364750104,2024,OOS_2024,1.0,-0.0008048401420959195,mid
2024-05-06,0.001964120226288779,0.00315600882028666,0.006805261629113213,37.06931131305587,2024,OOS_2024,1.0,0.00315600882028666,low
2024-05-07,-0.0009884000274555937,-0.00020604112580868694,-0.0008099389113871425,26.3573340654815,2024,OOS_2024,-1.0,0.00020604112580868694,low
2024-05-08,0.004644990046449804,-5.499340079195836e-05,0.005474452554744547,53.22384428223844,2024,OOS_2024,1.0,-5.499340079195836e-05,mid
2024-05-09,-0.0016083137448966722,0.00041190119863254715,0.0015945674735728943,52.373293744071916,2024,OOS_2024,-1.0,-0.00041190119863254715,mid
2024-05-10,0.0029823385364653454,-0.00036964021685559345,-0.0010944361601706865,49.66004076774696,2024,OOS_2024,1.0,-0.00036964021685559345,mid
2024-05-13,-0.0024956700805979226,0.00043745129936700877,-0.0019638059650606277,45.82213918474777,2024,OOS_2024,-1.0,-0.00043745129936700877,low
2024-05-14,0.000861868476134342,-0.00040719375636244504,0.0074968876971694964,33.51710740522867,2024,OOS_2024,1.0,-0.00040719375636244504,low
2024-05-15,-0.0014316972365542302,-8.023857603278728e-05,0.009900321456549399,46.05742996839461,2024,OOS_2024,-1.0,8.023857603278728e-05,low
2024-05-16,0.0016061031921301705,-0.002059980202787637,-0.001485645452720341,23.8238640165964,2024,OOS_2024,1.0,-0.002059980202787637,low
2024-05-17,-0.000683600294886455,0.0004428281960788816,-0.000683600294886455,25.19938341934187,2024,OOS_2024,-1.0,-0.0004428281960788816,low
2024-05-20,0.005685627698661655,-0.000665646009452181,0.006584064151044622,63.561026631265584,2024,OOS_2024,1.0,-0.000665646009452181,mid
2024-05-21,0.001163973027935361,0.0014248428677958724,0.0061409611473830505,22.34293053623033,2024,OOS_2024,1.0,0.0014248428677958724,low
2024-05-22,0.0008772862611654553,0.0028146843818366296,-0.000757656316461075,22.198000850701828,2024,OOS_2024,1.0,0.0028146843818366296,low
2024-05-23,-0.006822432368358666,0.0024395147778299986,-0.015001448779074389,76.12675499828781,2024,OOS_2024,-1.0,-0.0024395147778299986,high
2024-05-24,-0.0006662313954882704,0.000609667201229902,0.005969433303574911,29.180935122386707,2024,OOS_2024,-1.0,-0.000609667201229902,low
2024-05-28,-0.0029597917575084898,0.0033634365316879133,0.0012024154014877997,51.53208863519245,2024,OOS_2024,-1.0,-0.0033634365316879133,mid
2024-05-29,0.0035304618909952623,-0.0019366220536152223,0.0024246945817401055,47.02841688759809,2024,OOS_2024,1.0,-0.0019366220536152223,low
2024-05-30,-0.0013722538269894669,-0.0016769294750540453,-0.008566594279167061,38.63627279873167,2024,OOS_2024,-1.0,0.0016769294750540453,low
2024-05-31,-0.003104504891947135,0.01026643852358844,-0.00018815181163311934,55.101601978281906,2024,OOS_2024,-1.0,-0.01026643852358844,mid
2024-06-03,-0.0019104621180745518,0.0034699339636599102,-0.003206369988376867,55.176283549985975,2024,OOS_2024,-1.0,-0.0034699339636599102,mid
2024-06-04,-0.0018913227186757586,0.001781075072983862,0.0034338908934823387,38.228863462596074,2024,OOS_2024,-1.0,-0.001781075072983862,low
2024-06-05,0.00047748524437962736,0.002351210413629179,0.012136083294648214,24.272166589296372,2024,OOS_2024,1.0,0.002351210413629179,low
2024-06-06,-0.003612045386135465,9.179605539233471e-05,-0.001936893902710346,43.710984020625304,2024,OOS_2024,-1.0,-9.179605539233471e-05,low
2024-06-07,-0.0004201570336913596,-0.00034125661184680744,1.3129907302955601e-05,38.07673117827788,2024,OOS_2024,-1.0,0.00034125661184680744,low
2024-06-10,0.0002501481140149142,-0.00013078733978555412,0.006517016654598029,24.224869988809164,2024,OOS_2024,1.0,-0.00013078733978555412,low
2024-06-11,-0.001351138629446913,0.002487724188233509,0.009654738167698573,48.79840486934621,2024,OOS_2024,-1.0,-0.002487724188233509,mid
2024-06-12,0.004574211753791468,0.0013613654752577808,0.004638637271450419,67.00253836539576,2024,OOS_2024,1.0,0.0013613654752577808,high
2024-06-13,-0.000280087081619973,-0.0005101390128809946,-0.0022534278839421162,24.825900416311253,2024,OOS_2024,-1.0,0.0005101390128809946,low
2024-06-14,0.0031029727244866745,0.0007879219194795173,0.0055930125651240115,45.459188885483705,2024,OOS_2024,1.0,0.0007879219194795173,low
2024-06-17,-0.0001396399827354733,-0.0031394228965241355,0.011755147637545482,35.16388656155584,2024,OOS_2024,-1.0,0.0031394228965241355,low
2024-06-18,-0.0006150679085180633,0.0003138022794597628,0.00033891496999971515,27.364245725905654,2024,OOS_2024,-1.0,-0.0003138022794597628,low
2024-06-20,-0.00041311450783043657,0.00021505376344088667,-0.010190157859816473,31.67211226699716,2024,OOS_2024,-1.0,-0.00021505376344088667,low
2024-06-24,0.0012172167147697088,-0.004386904836940819,-0.008922073033002853,49.44158614631698,2024,OOS_2024,1.0,-0.004386904836940819,mid
2024-06-25,0.00010085728693898233,-0.0006131438009910894,0.006896116994452806,30.38325769036813,2024,OOS_2024,1.0,-0.0006131438009910894,low
2024-06-26,0.0021450882496831802,0.0022796447762316596,0.003788401470200764,40.39288984783673,2024,OOS_2024,1.0,0.0022796447762316596,low
2024-06-27,0.00348915734974109,-0.00019948134849390176,0.0028763662739801354,55.90155323778795,2024,OOS_2024,1.0,-0.00019948134849390176,mid
2024-06-28,0.003836476420617352,-0.0029263168425791575,-0.006875762935651841,54.682245086071596,2024,OOS_2024,1.0,-0.0029263168425791575,mid
2024-07-01,-0.004205940891509274,0.0020492059327010814,0.0038554458172168626,72.352197478939,2024,OOS_2024,-1.0,-0.0020492059327010814,high
2024-07-02,0.004016064257028162,0.0015450983300577814,0.013724680654080501,60.6788524815774,2024,OOS_2024,1.0,0.0015450983300577814,mid
2024-07-05,0.00353447643274718,-4.849013831809135e-05,0.008817846048479794,43.41657901817382,2024,OOS_2024,1.0,-4.849013831809135e-05,low
2024-07-08,9.693444807945539e-05,0.002048559341551792,0.0016478856173511858,25.687628741063854,2024,OOS_2024,1.0,0.002048559341551792,low
2024-07-09,0.0012666932069052006,0.0007379895229684408,-0.002111155344842186,21.835378138081627,2024,OOS_2024,1.0,0.0007379895229684408,low
2024-07-10,0.0003010887368726234,0.0011619410404761776,0.0065757780132960075,27.097986318527795,2024,OOS_2024,1.0,0.0011619410404761776,low
2024-07-11,-0.0011964871138337996,-0.0002691427802449242,-0.02224269544617008,38.167938931297705,2024,OOS_2024,-1.0,0.0002691427802449242,low
2024-07-12,0.004867132182994283,-0.006529467243839293,0.0047570714049869345,60.900297164100614,2024,OOS_2024,1.0,-0.006529467243839293,mid
2024-07-15,0.0008612324114507519,-0.0013457155327093462,-0.0008127122755943184,40.999514798641435,2024,OOS_2024,1.0,-0.0013457155327093462,low
2024-07-16,-0.003305204789520233,0.0010204825424593444,-0.002409288472946969,56.90279307965181,2024,OOS_2024,-1.0,-0.0010204825424593444,mid
2024-07-17,-0.0025418918585424777,-0.0031662137568247983,-0.013252387650847686,37.14123540880038,2024,OOS_2024,-1.0,0.0031662137568247983,low
2024-07-18,-0.0036615942208871877,0.0034303154124575297,-0.012424595983417275,64.29511208201971,2024,OOS_2024,-1.0,-0.0034303154124575297,mid
2024-07-19,0.0007801293504794415,-0.002820285822688784,-0.007889372625009439,70.84077811611344,2024,OOS_2024,1.0,-0.002820285822688784,high
2024-07-22,0.0007892857590297009,0.0001875515766835978,0.00217993209636802,72.16326939701074,2024,OOS_2024,1.0,0.0001875515766835978,high
2024-07-23,0.002430133657351119,-0.0030771155169179165,-0.001653493003970885,51.3584948203079,2024,OOS_2024,1.0,-0.0030771155169179165,mid
2024-07-24,-0.006542603294213523,-0.000676466762065786,-0.02219902751966596,77.77296911993075,2024,OOS_2024,-1.0,0.000676466762065786,high
2024-07-25,-0.009665920799292294,-0.011696134681186021,-0.01176042046105008,109.4083363688401,2024,OOS_2024,-1.0,0.011696134681186021,high
2024-07-26,-0.001761206491676659,-0.00041703048232177853,0.0006392527266085857,55.18447007253562,2024,OOS_2024,-1.0,0.00041703048232177853,mid
2024-07-29,0.0037982395872493413,-0.0016371715911748241,-0.003953798887751048,75.18699524247806,2024,OOS_2024,1.0,-0.0016371715911748241,high
2024-07-30,-0.003227395271671485,0.00017163528821528828,-0.01810711323102443,58.71526337619245,2024,OOS_2024,-1.0,-0.00017163528821528828,mid
2024-07-31,0.0009937150747867385,0.003061171991562528,0.0064397899002412995,53.5573709138307,2024,OOS_2024,1.0,0.003061171991562528,mid
2024-08-01,0.00619718309859163,0.0026611511454806003,-0.02549295774647886,90.65300896286813,2024,OOS_2024,1.0,0.0026611511454806003,high
2024-08-02,-0.004048148843194599,0.00048512289780067164,-0.0047987989598133884,117.42312538537841,2024,OOS_2024,-1.0,-0.00048512289780067164,high
2024-08-05,0.018662718692613156,0.002154842835495163,0.026179053909775485,252.11041040898544,2024,OOS_2024,1.0,0.002154842835495163,high
2024-08-06,0.003471069808607119,-0.009214328553514006,0.005199690231220355,115.05697532912933,2024,OOS_2024,1.0,-0.009214328553514006,high
2024-08-07,0.0036443444921625545,-0.006522760564937391,-0.02605232140679825,64.89371790876946,2024,OOS_2024,1.0,-0.006522760564937391,mid
2024-08-08,-0.0008642212406375638,0.0041207487834302725,0.01617328321764666,98.08225191363275,2024,OOS_2024,-1.0,-0.0041207487834302725,high
2024-08-09,-0.0010297544848517637,0.00010748209751310078,0.008603869708958767,57.178472711506146,2024,OOS_2024,-1.0,-0.00010748209751310078,mid
2024-08-12,-0.0054180915979347155,0.0012485232520673684,0.00021457788506662467,79.93026218735332,2024,OOS_2024,-1.0,-0.0012485232520673684,high
2024-08-13,0.004117576739676165,0.0021773632917536645,0.014849841274057862,50.606346381181346,2024,OOS_2024,1.0,0.0021773632917536645,mid
2024-08-14,-0.005630380540568747,0.0025184621640410576,-0.0015676233523624905,85.95801382121255,2024,OOS_2024,-1.0,-0.0025184621640410576,high
2024-08-15,0.00561957420421666,0.0003064155761252074,0.01215636626705252,64.98036378668871,2024,OOS_2024,1.0,0.0003064155761252074,mid
2024-08-16,-0.00028200066654704425,5.101390128814387e-05,0.005127284846309532,36.916450893429385,2024,OOS_2024,-1.0,-5.101390128814387e-05,low
2024-08-19,-0.0008543956744625492,0.0038034344634125805,0.013032722079114434,40.679435843811376,2024,OOS_2024,-1.0,-0.0038034344634125805,low
2024-08-20,0.005083826367776378,-0.0006557459740980098,-0.00030275889038866577,54.49660026996001,2024,OOS_2024,1.0,-0.0006557459740980098,mid
2024-08-21,0.0018521318415483101,0.0017109716054197754,0.0032128817659509146,35.90867856062897,2024,OOS_2024,1.0,0.0017109716054197754,low
2024-08-22,-0.0010751343917989598,0.00016596662794121642,-0.02060257532191523,40.50506313289161,2024,OOS_2024,-1.0,-0.00016596662794121642,low
2024-08-23,-3.79645916908089e-05,-0.0005429361481836814,0.0017084066260868447,29.485832879867377,2024,OOS_2024,-1.0,0.0005429361481836814,low
2024-08-26,-0.0020745838182462117,0.0003318569951624717,-0.008589283003592518,45.66614380407833,2024,OOS_2024,-1.0,-0.0003318569951624717,low
2024-08-27,0.0008707455118190932,0.00013995979336844933,0.0065433964196992545,66.20226906036315,2024,OOS_2024,1.0,0.00013995979336844933,high
2024-08-28,-0.0034648357387615514,-0.0017604276425688958,-0.01041998394965793,64.20136810058214,2024,OOS_2024,-1.0,0.0017604276425688958,mid
2024-08-29,0.007475125653913173,-0.0005540023448471487,-0.005359524053749065,88.85526720689302,2024,OOS_2024,1.0,-0.0005540023448471487,high
2024-08-30,0.0017255262855171427,0.0024152737310227934,0.0026074619425591194,45.63058399478508,2024,OOS_2024,1.0,0.0024152737310227934,low
2024-09-03,-0.005724407023308342,-0.001234519259813771,-0.023911592565971862,78.16510935414314,2024,OOS_2024,-1.0,0.001234519259813771,high
2024-09-04,0.004992517844609523,-0.00044818222562015286,0.004171467164594267,69.52445274323627,2024,OOS_2024,1.0,-0.00044818222562015286,high
2024-09-05,0.008829057792603123,0.0006723708322895483,0.004712360680909633,93.05588647976067,2024,OOS_2024,1.0,0.0006723708322895483,high
2024-09-06,-0.009720149500125452,-0.002876590227696263,-0.024907883094071548,119.25672552463713,2024,OOS_2024,-1.0,0.002876590227696263,high
2024-09-09,0.0031537274374286994,0.002319625641919565,0.0032074079044488446,49.11762732335771,2024,OOS_2024,1.0,0.002319625641919565,mid
2024-09-10,0.00022656697719680707,-0.0001458247716517036,0.005184385537030378,53.30987698745886,2024,OOS_2024,1.0,-0.0001458247716517036,mid
2024-09-11,-0.0058459422283356766,0.0028515996302034274,0.018648820230663388,70.49518569463548,2024,OOS_2024,-1.0,-0.0028515996302034274,high
2024-09-12,-7.788667488806134e-05,0.00023139815909911654,0.010008437723112884,53.871616797559554,2024,OOS_2024,-1.0,-0.00023139815909911654,mid
2024-09-13,0.0028208199698598335,-0.00011521032284489419,0.006079575460154363,53.196285276350196,2024,OOS_2024,1.0,-0.00011521032284489419,mid
2024-09-16,-0.00033444385845304847,0.0009397770282448814,0.0001286322532512152,70.61910703489792,2024,OOS_2024,-1.0,-0.0009397770282448814,high
2024-09-17,-0.0018020551096569193,0.0015194241639948647,-0.005942947702060275,60.57972496293646,2024,OOS_2024,-1.0,-0.0015194241639948647,mid
2024-09-18,-0.0011157279162818945,-0.008251649689281826,-0.007374063814507004,35.13901713347697,2024,OOS_2024,-1.0,0.008251649689281826,low
2024-09-19,-0.0022078118691966075,-0.0012708079066899858,0.0014129995962859354,54.37525232135648,2024,OOS_2024,-1.0,0.0012708079066899858,mid
2024-09-23,-0.0005603357033457934,6.226572520895424e-05,-3.735571355634182e-05,36.73311833044864,2024,OOS_2024,-1.0,-6.226572520895424e-05,low
2024-09-24,-0.0022721629004222033,0.0009180344138846053,0.0017506828904891858,35.75862925254532,2024,OOS_2024,-1.0,-0.0009180344138846053,low
2024-09-25,0.004518147063204303,0.0006441383410960011,0.0026810982572862407,47.66396901842013,2024,OOS_2024,1.0,0.0006441383410960011,mid
2024-09-26,-0.003694581280788145,-0.00022117369507523854,-0.007876896063990668,54.870019021606595,2024,OOS_2024,-1.0,0.00022117369507523854,mid
2024-09-27,-0.0024782235308551392,-0.0008522622003186431,-0.007581891792418083,35.57845663108821,2024,OOS_2024,-1.0,0.0008522622003186431,low
2024-09-30,0.0012264922322158256,0.005780561930161854,0.0044971381847915826,46.45803909908571,2024,OOS_2024,1.0,0.005780561930161854,low
2024-10-01,-0.010270590558957182,-0.0029818345144225766,-0.013517183488050533,141.961287774047,2024,OOS_2024,-1.0,0.0029818345144225766,high
2024-10-02,-0.0013413395845608411,-0.0018705574261129732,0.0033721527873538104,66.8162615486831,2024,OOS_2024,-1.0,0.0018705574261129732,high
2024-10-03,0.005574527922860506,0.003249971766654536,0.003816793893129722,77.08919244676576,2024,OOS_2024,1.0,0.003249971766654536,high
2024-10-04,-0.006958434784758216,0.0015473361061595359,0.0,82.19110358550965,2024,OOS_2024,-1.0,-0.0015473361061595359,high
2024-10-07,-0.0013408154144113338,0.00017503938386131956,-0.006853056562546533,37.36902219794408,2024,OOS_2024,-1.0,-0.00017503938386131956,low
2024-10-08,0.0026239538383097116,0.0005791529579928234,0.009786974742889809,43.898374640916266,2024,OOS_2024,1.0,0.0005791529579928234,low
2024-10-09,-0.0007888768366038912,0.00127249813407726,0.008689971403214702,30.075929395523126,2024,OOS_2024,-1.0,-0.00127249813407726,low
2024-10-10,-7.367748907116667e-05,0.000698007616855012,0.0034628419863451665,43.469718551991754,2024,OOS_2024,-1.0,-0.000698007616855012,low
2024-10-11,0.0009586902815845733,-0.0015379920659139845,0.005383414658128638,28.146163395238506,2024,OOS_2024,1.0,-0.0015379920659139845,low
2024-10-14,0.005851439137733783,-0.0007873824983041233,0.0034670689277633837,63.38045303033989,2024,OOS_2024,1.0,-0.0007873824983041233,mid
2024-10-15,-0.00010905521829218667,0.002389751170238874,-0.013971185187877877,25.930907460588653,2024,OOS_2024,-1.0,-0.002389751170238874,low
2024-10-16,-0.006326004176391065,-0.000135141776008596,-0.000307087581378207,69.77029848912909,2024,OOS_2024,-1.0,0.000135141776008596,high
2024-10-17,-0.006756346226288956,-0.0008463661453541604,-0.01017097444497106,84.21129379169552,2024,OOS_2024,-1.0,0.0008463661453541604,high
2024-10-18,0.00046419017138399354,-0.0003904200675914904,0.0008306560961606202,37.990300868524244,2024,OOS_2024,1.0,-0.0003904200675914904,low
2024-10-21,0.003206422635875228,0.0020509314647068067,0.004540392358433953,39.0400313299311,2024,OOS_2024,1.0,0.0020509314647068067,low
2024-10-22,0.002818247540160135,-0.0003163594329865793,0.006714781095685574,53.914300768278785,2024,OOS_2024,1.0,-0.0003163594329865793,mid
2024-10-23,-9.787129924154758e-05,0.0016100466913540057,-0.010606802055297293,26.914607291411794,2024,OOS_2024,-1.0,-0.0016100466913540057,low
2024-10-24,-0.0017425450975580015,-0.00046592608940876357,0.0003681433304700832,39.26862191679961,2024,OOS_2024,-1.0,0.00046592608940876357,low
2024-10-25,0.007722808515829849,-0.0009505471739501559,0.00018300494113332455,81.86421033367901,2024,OOS_2024,1.0,-0.0009505471739501559,high
2024-10-28,-0.003345413994981894,-0.0013396336710833623,-0.006048411534405607,47.63578623289415,2024,OOS_2024,-1.0,0.0013396336710833623,mid
2024-10-29,0.0001584515625761007,-0.002265933854015967,0.0089707961581591,45.9509531470918,2024,OOS_2024,1.0,-0.002265933854015967,low
2024-10-30,-0.0013914937382781822,-0.001798604865955289,-0.00613467239397425,61.22572448423982,2024,OOS_2024,-1.0,0.001798604865955289,mid
2024-10-31,-0.009820288716488212,-0.0034486193072881255,-0.017418737110871052,107.28665422763429,2024,OOS_2024,-1.0,0.0034486193072881255,high
2024-11-01,0.0050201803776970255,-0.0005085019037814886,0.00388659126015245,58.92172006577308,2024,OOS_2024,1.0,-0.0005085019037814886,mid
2024-11-04,0.0005467128887564066,-0.0016278954170394488,-0.001739541009679324,63.74175271182018,2024,OOS_2024,1.0,-0.0016278954170394488,mid
2024-11-05,0.006872681710478945,0.0005041562146474998,0.009378605366646475,75.67393219119452,2024,OOS_2024,1.0,0.0005041562146474998,high
2024-11-06,-0.0004471893544760741,-0.00045447478262949925,0.01010406217140658,77.95598206408103,2024,OOS_2024,-1.0,0.00045447478262949925,high
2024-11-07,0.004855582134313918,-0.0004239134274578449,0.0102348054791912,50.69798993180763,2024,OOS_2024,1.0,-0.0004239134274578449,mid
2024-11-08,0.001038446107007207,0.000612600725696355,0.0022893016449929693,26.4331736329093,2024,OOS_2024,1.0,0.000612600725696355,low
2024-11-11,-0.005191937226894705,0.001285801915726914,-0.002948362542874561,60.96414979091294,2024,OOS_2024,-1.0,-0.001285801915726914,mid
2024-11-12,0.0009899006563984791,-1.1800663197281125e-05,-0.0013787901999835483,33.11453386285162,2024,OOS_2024,1.0,-1.1800663197281125e-05,low
2024-11-13,-0.0008743427659951841,-0.0010386789891765336,0.0,29.774915814970164,2024,OOS_2024,-1.0,0.0010386789891765336,low
2024-11-14,-0.002164374164705274,-0.0007134872880347753,-0.006114652694823253,52.39441283958794,2024,OOS_2024,-1.0,0.0007134872880347753,mid
2024-11-15,-0.0033118564460770106,0.0005248767150041189,-0.01286204612512798,45.64340338411513,2024,OOS_2024,-1.0,-0.0005248767150041189,low
2024-11-18,-0.0013012599114656798,-0.0008353915443847226,0.003636230967553722,34.29488738629178,2024,OOS_2024,-1.0,0.0008353915443847226,low
2024-11-19,0.0015958872402115354,0.0006746581531233975,0.01187778671149764,38.00891747679263,2024,OOS_2024,1.0,0.0006746581531233975,low
2024-11-20,-0.0066978268202188,0.004696142627177213,-3.6139353346453795e-05,68.90570038066785,2024,OOS_2024,-1.0,-0.004696142627177213,high
2024-11-21,-0.010011496455259672,-0.002168287891130438,-0.0025028741138148902,132.927763939452,2024,OOS_2024,-1.0,0.002168287891130438,high
2024-11-22,0.003066193711296794,0.001164577630504704,0.0026934407503156343,47.13521313052366,2024,OOS_2024,1.0,0.001164577630504704,mid
2024-11-25,-0.0034139842504699036,0.0009708621495607694,-0.006590060190802438,77.32020079461375,2024,OOS_2024,-1.0,-0.0009708621495607694,high
2024-11-26,0.0016715419974926427,0.001586619903132691,0.002435675482060695,41.43036236642588,2024,OOS_2024,1.0,0.001586619903132691,low
2024-11-27,-0.0036181264553107884,0.0008293667964804907,-0.0057316854737595735,48.002865842736874,2024,OOS_2024,-1.0,-0.0008293667964804907,mid
2024-12-02,0.0051561701773770174,-0.0008947071011490282,0.008280761782561763,68.19450879756685,2024,OOS_2024,1.0,-0.0008947071011490282,high
2024-12-03,0.0021268550902731054,0.0011055961986310425,0.005718877020512325,35.683902070138956,2024,OOS_2024,1.0,0.0011055961986310425,low
2024-12-04,0.0,0.0007666929975373993,0.005602894828995009,24.746118828061167,2024,OOS_2024,0.0,0.0,low
2024-12-05,-0.001149278508491891,0.0001513581483076898,-0.002774520843732975,24.959078719773395,2024,OOS_2024,-1.0,-0.0001513581483076898,low
2024-12-06,0.005513936066260383,0.0004850332594235063,0.0077939602624355064,59.55981573682006,2024,OOS_2024,1.0,0.0004850332594235063,mid
2024-12-09,0.0003816793893129944,0.0018535140995301624,-0.005991209808003717,30.53435114503817,2024,OOS_2024,1.0,0.0018535140995301624,low
2024-12-10,0.0006501724117913277,0.0016844469399213136,-0.005793500597926382,38.89424249108916,2024,OOS_2024,1.0,0.0016844469399213136,low
2024-12-11,0.00490979411287884,-0.0011001226178334322,0.009367979804997706,57.435327358206536,2024,OOS_2024,1.0,-0.0011001226178334322,mid
2024-12-12,-0.000530100488614349,-0.0004849044622755594,-0.002339356504102552,18.783995574813314,2024,OOS_2024,-1.0,0.0004849044622755594,low
2024-12-13,0.003911402713894008,-0.0006074985958758328,0.00010323350271268517,54.14023697824067,2024,OOS_2024,1.0,-0.0006074985958758328,mid
2024-12-16,0.0032763305098288953,-0.0015127568299841965,0.00968058631475599,34.703988675540536,2024,OOS_2024,1.0,-0.0015127568299841965,low
2024-12-17,-0.0013162075069214074,0.00203677574985206,-0.0007829165342895239,38.57849589252485,2024,OOS_2024,-1.0,-0.00203677574985206,low
2024-12-18,0.0004549435301344218,-0.010553197443910589,-0.034939663114315955,40.60371006448824,2024,OOS_2024,1.0,-0.010553197443910589,low
2024-12-19,-0.00471924024904502,-0.0052890731753286735,-0.013597018935367466,67.16740453467591,2024,OOS_2024,-1.0,0.0052890731753286735,high
2024-12-23,0.0005203695780380269,0.00221121732120233,0.006302253778461386,56.66246516414769,2024,OOS_2024,1.0,0.00221121732120233,mid
2024-12-26,-0.0001707533638413139,-0.0018142852283165034,0.0020831910388634522,62.723402317692326,2024,OOS_2024,-1.0,0.0018142852283165034,mid
2024-12-27,-0.006866245536940374,0.0024943415400249247,-0.00654582074521648,85.71363178613935,2024,OOS_2024,-1.0,-0.0024943415400249247,high
2024-12-30,-0.0056518286701854326,-0.0026434077834966985,0.00012845065159505786,62.00663272455509,2024,OOS_2024,-1.0,0.0026434077834966985,mid
2024-12-31,-0.0009787472035793776,-0.004164906846872207,-0.010987602535421304,56.16144668158091,2024,OOS_2024,-1.0,0.004164906846872207,mid
